	NW001	NW002	NW003	NW005	NW006	NW007	NW008	NW010	NW011	NW012	NW013	NW014	NW015	NW016	NW018	NW019	NW020	NW021	NW022	NW023	NW025	NW026	NW027	NW028	NW029	NW030	NW031	NW032	NW033	NW034	NW035	NW036	NW038	NW040	NW041	NW042	NW043	NW044	NW045	NW046	NW047	NW048	NW049	NW050	NW051	NW052	NW053
NW001	0.0	0.795380591751447	0.7748346037717068	0.4502141545006188	1.9971441617497672	1.2512661196176087	1.1846472323474027	0.6422205030707003	2.351825878166462	1.237077813408259	1.7771772713268974	1.1445014145408194	0.8961183546236694	1.2420627593021962	1.040145112048128	1.5030598967269413	1.3880234911271603	0.09305055471526948	1.1820361830447101	2.2305709724463743	2.073105473561102	1.6642224532539418	0.6736979926538937	1.699597302767628	1.6772614364893634	0.6722351049718766	1.1322975633691275	2.0272878848789144	1.7309819420867512	0.8183847881398113	1.6846653222696673	1.269415614136367	1.9500890158603221	2.092881618515673	0.24784468003307028	1.3204915472846241	2.4283159432995776	1.3994109217448472	1.708638962401839	1.262722248989368	0.3777108248202107	1.6151492907910479	1.1090024852197777	1.234211986783999	1.4850192607314463	1.1114372575261604	1.855997010755357
NW002	0.795380591751447	0.0	0.8177014601315367	0.5847628938162606	2.7632731012665555	1.08984340927074	1.595016186713968	0.2283475895231128	2.176134894579696	1.5821425481812115	1.490776378150751	1.643059174909594	1.570243556710408	1.9462038805263637	0.9607230204262913	2.2911691561018586	0.7709058371104036	0.7334589077309852	1.5685395989201478	2.463448520133349	2.005926711206606	1.9199641025899838	0.2537038831796743	1.2483641827209475	2.1941499192203553	0.2816797789538506	1.888919069355525	1.247223931641563	1.0754904125500748	0.8235116473204194	2.333654157647804	0.5260714338517855	2.6765326028738103	2.8692841927757535	0.5650337304349229	1.2102200799074896	3.169925868126551	2.185736718860425	1.858917141708126	1.7902356632506657	1.1610100927873368	2.0969473547454456	0.3440276746476985	1.0276754820553986	2.254108107162332	1.2369500634988453	2.235018122387479
NW003	0.7748346037717068	0.8177014601315367	0.0	0.9980629699260304	2.5935594101164376	1.784078242620866	1.9497388737188481	0.638453095341001	2.9098336211923526	1.987218136070662	1.011161866355139	1.9181361738659513	1.0099980905278056	1.382731856973391	1.6003263483778052	1.952652878780937	1.5687977727506557	0.80678357991447	1.9407608475172442	1.6636978007691954	1.329964871336928	2.4017950975696776	0.914253706075044	2.0493482519135853	1.4473393672169312	0.9078269162013751	1.430283222532667	1.8799609208426233	1.2016058783860952	1.3905118776352126	1.6752797878233727	0.9952811494655807	2.623550487199827	2.649571471235291	0.7323999550536429	0.5464321633416765	3.062045219926989	1.8666597574841215	2.412201140729397	1.0746466713183855	0.9603327752912941	2.389929573828469	0.9723820031773664	1.7372014461201797	1.8095648263044362	1.7826686655156854	2.623625693449106
NW005	0.4502141545006188	0.5847628938162606	0.9980629699260304	0.0	2.255616925813613	0.8323974740399775	1.0548014999274937	0.5236808634718785	1.9532125515014933	1.0500607282495356	1.9086179209763463	1.095933317536528	1.341440713732246	1.6849495521817612	0.6258019293483511	1.867023358127845	0.9746905814751333	0.35757876974300135	1.025207997857552	2.5988416816557094	2.3230751794536464	1.4350094788232095	0.4265263465820983	1.2584446927625796	2.115571396850294	0.3527030279539274	1.5565034573559524	1.7022390228484883	1.6403729159675282	0.4029534400441177	2.1323763264881417	1.0772288818447513	2.1347062474433507	2.3776885793974305	0.2856237373059449	1.5192190350329338	2.64251570531795	1.761330822991894	1.4224679932900532	1.6995589763968755	0.7922163698903595	1.5467233681854637	0.8723476919281606	0.8038203108452712	1.8924212119218262	0.7898703747352469	1.7125106168084394
NW006	1.9971441617497672	2.7632731012665555	2.5935594101164376	2.255616925813613	0.0	2.611602142863141	1.698217043566591	2.63648338965543	3.251710861816712	1.8414588480922158	3.54574189277728	1.5052958854158396	1.7295596181225341	1.5432349430427472	2.4541964819085877	0.7677075557887927	3.168543075926079	2.0444377220723506	1.761492496825773	3.196242470108725	3.549144268757013	2.062195797054207	2.5738079780339502	3.2142494388467644	2.231801455949374	2.5953806446288468	1.3134058430537592	3.9518280789457036	3.7087726226618765	2.3391936800302378	1.797282210518684	3.262916521555915	0.4016646914046085	0.19383732286682628	2.223608365292303	3.0440774691397947	0.49444898753764177	0.8031021296484453	2.2943631121722716	2.0861399230911775	1.667056669260407	1.4806738906726973	3.0885285152563515	2.6591832020323602	1.0768695269252113	2.201392292649569	1.8020221761301423
NW007	1.2512661196176087	1.08984340927074	1.784078242620866	0.8323974740399775	2.611602142863141	0.0	0.9671182455372392	1.1852529087148285	1.1278132824509244	0.8615074224395335	2.574804778232633	1.1347819127336949	2.1276716508092535	2.435467859271616	0.22070819476822814	2.437026738317757	0.7694984762667861	1.1616702629756428	0.9105885307105124	3.4172152254069714	3.0716212066125013	1.0019840711544425	0.9332125147044396	0.6058615117250943	2.926769187916724	0.905443537379308	2.2609050917880196	1.6329979869709281	2.0517662963169427	0.45570874163751546	2.901782803407822	1.4460194193053204	2.3753813872734906	2.7719899325128146	1.1134571960011037	2.262833071592223	2.890029803698061	2.3308736328131214	0.856097120398576	2.51205920777593	1.5220442220731056	1.4207057356858408	1.2324614339663118	0.08512506824056615	2.5437753558553142	0.42506920957870015	1.4027314000026898
NW008	1.1846472323474027	1.595016186713968	1.9497388737188481	1.0548014999274937	1.698217043566591	0.9671182455372392	0.0	1.5740478476313609	1.6034219850302633	0.17161988147246146	2.9265778174756387	0.20853486433568652	1.787119534989732	1.9707245476077848	0.8675984716257553	1.7008420993958584	1.6622818827474186	1.143147700361047	0.10041850103565224	3.3469419029537955	3.2543844350119038	0.5382604105218843	1.3713963268809128	1.5627077407905607	2.623121998655844	1.3727908221829204	1.7268980237039497	2.5241801645310895	2.6703074397994344	0.8669067004588143	2.443537754545406	2.089362111470512	1.4242922438318144	1.8733470652707471	1.241748971811167	2.4954243125101767	1.9334043188093637	1.6066328656762576	0.6891033342346377	2.250446773875312	1.2034241599742201	0.5070952873346967	1.871265218150518	1.0318237115290387	1.8983114866890383	0.5433838062381063	0.6744836388907939
NW010	0.6422205030707003	0.2283475895231128	0.638453095341001	0.5236808634718785	2.63648338965543	1.1852529087148285	1.5740478476313609	0.0	2.2981229993115138	1.5707249841443247	1.4129891333888216	1.6041498862439822	1.377757519426172	1.7594361446493438	1.0239710502512933	2.133171444543129	0.9441477906778888	0.5928367382760235	1.5475688398503036	2.301311049426876	1.891922540867003	1.9411199209449332	0.3534199805901665	1.412098584615811	2.0082533530616935	0.2864231718985549	1.7104373078985964	1.419596524286102	1.134937774210807	0.8436571245224058	2.1444761672088037	0.628182740779215	2.56900817612891	2.734929767274505	0.4165513438278404	1.0784840359399803	3.0585119126004576	2.0316250695381766	1.904238971901828	1.6035636688423993	1.0051949281817634	2.0650951627047376	0.4768856429304843	1.1287484627867022	2.0824244669399303	1.2704682704833385	2.2319702335276537
NW011	2.351825878166462	2.176134894579696	2.9098336211923526	1.9532125515014933	3.251710861816712	1.1278132824509244	1.6034219850302633	2.2981229993115138	0.0	1.4656956820307658	3.6486195042559975	1.8015489083941099	3.19187612245468	3.460520920288588	1.3276720189235451	3.2993316747295847	1.6055060834632053	2.266618723004614	1.5533027448949122	4.542900650362488	4.179815567616656	1.1973099989666867	2.0354406084843557	1.062778459030149	4.013508454388023	2.0179116228264578	3.250591175137898	2.267401156593694	3.0039210356666968	1.558937343625038	3.9364943140668958	2.4340527851699725	2.921299296354552	3.437180566157256	2.236376430433125	3.3744308876244307	3.3859223333472452	3.201513848914355	0.959530180785077	3.6042953241911535	2.5712900490709703	1.7917365724755097	2.2470279276639307	1.1734047287099405	3.4743086242819325	1.2814892260354485	1.5402618997096091
NW012	1.237077813408259	1.5821425481812115	1.987218136070662	1.0500607282495356	1.8414588480922158	0.8615074224395335	0.17161988147246146	1.5707249841443247	1.4656956820307658	0.0	2.948681711467812	0.3764336154306603	1.888116944668466	2.0896154285379853	0.779342855267887	1.8434494862819109	1.579099450383555	1.1860743584552076	0.09093351433456037	3.430667230417622	3.30592600312502	0.44096376210050503	1.3685328461553907	1.449958441846638	2.731535802885093	1.3482427376132162	1.850765494582207	2.447833150269269	2.652164061004255	0.8060860222620264	2.565539506318592	2.057494520861941	1.556992964058336	2.018179435625569	1.2643365294839577	2.530088503870621	2.0672706040945528	1.750399968523863	0.5620682846713764	2.351722282486393	1.2969648341400009	0.5773661103691546	1.8367537172498556	0.9289434082191861	2.0352656487964627	0.4449389516160519	0.6675012908380116
NW013	1.7771772713268974	1.490776378150751	1.011161866355139	1.9086179209763463	3.54574189277728	2.574804778232633	2.9265778174756387	1.4129891333888216	3.6486195042559975	2.948681711467812	0.0	2.911208215348634	1.8505625371355072	2.1563833946329463	2.4315487543146164	2.8489814840906003	2.097841106999444	1.7968576922666177	2.911992396522061	1.490158152223824	0.6864701137494753	3.3410971091745245	1.6879645614507666	2.651151022313478	1.8735602675453926	1.6868454268059403	2.291055251270069	1.9640813115131812	0.914594884336124	2.2554631116938495	2.2764955827321116	1.2651890058145248	3.611934511765926	3.579037490181194	1.6877686780560208	0.5040187080825543	4.026296370394248	2.776182187331703	3.3155172387061187	1.6683433057595602	1.9601232638720336	3.386068454711645	1.4158586447568355	2.509960491374409	2.6438082472160853	2.6805598150631833	3.5995465426833055
NW014	1.1445014145408194	1.643059174909594	1.9181361738659513	1.095933317536528	1.5052958854158396	1.1347819127336949	0.20853486433568652	1.6041498862439822	1.8015489083941099	0.3764336154306603	2.911208215348634	0.0	1.6598526934233875	1.8154307864690775	1.015526523845335	1.5086723290227317	1.7942828111175158	1.1180918108956597	0.29331448337243915	3.2423427574734838	3.1982130922630465	0.7072518478710309	1.415505713494335	1.7337937038751838	2.48419373328236	1.4324832991295535	1.5643914729725785	2.6436341605253304	2.7147583918569262	0.9801280005854179	2.282465655811426	2.1528423842817785	1.2478406049783217	1.6777368940630861	1.2415859049029807	2.46352661809513	1.756686267391145	1.4147541963338106	0.8806137671866331	2.1242053924856856	1.1009665787206977	0.4819587098483388	1.9398942834731163	1.1943674930640047	1.7151101600883518	0.7153197845831449	0.7413875528916654
NW015	0.8961183546236694	1.570243556710408	1.0099980905278056	1.341440713732246	1.7295596181225341	2.1276716508092535	1.787119534989732	1.377757519426172	3.19187612245468	1.888116944668466	1.8505625371355072	1.6598526934233875	0.0	0.3876810048357035	1.9130509833629106	1.0043037989031978	2.257182625740286	0.9887596385061447	1.809186579855974	1.6320003635500988	1.8359642182193208	2.320656790343402	1.5096709729466846	2.5956823545401058	0.8505283966678459	1.516915608942075	0.4431856694388096	2.7883869208026892	2.209160755548895	1.6912770069989884	0.794197795813466	1.9334656040553224	1.86489701537592	1.743168397937665	1.1047740113962883	1.3530674006563288	2.221678496855526	0.9414771206549039	2.431532882974291	0.4891941125297968	0.6262731159787803	2.058874067309503	1.840343443858598	2.1184818648097763	0.811816623705444	1.9141068277263433	2.380964949157984
NW016	1.2420627593021962	1.9462038805263637	1.382731856973391	1.6849495521817612	1.5432349430427472	2.435467859271616	1.9707245476077848	1.7594361446493438	3.460520920288588	2.0896154285379853	2.1563833946329463	1.8154307864690775	0.3876810048357035	0.0	2.222857225535836	0.7769411853850219	2.6225998217725146	1.3336835163218212	2.004289994445734	1.6683306347338727	2.0418228704953667	2.5058447723491004	1.869425436559071	2.932750345895984	0.739519191829636	1.8872037646696012	0.2759567912467429	3.1718604527038456	2.576802733372583	2.0096263644800594	0.4786852801093559	2.317939753688372	1.7537737199565753	1.517841025062681	1.4668750518193554	1.6737363669769372	2.034849097537544	0.749355543617267	2.6447228321928593	0.5556373534421786	0.9162446529223133	2.162321031563234	2.2241769865424814	2.4348694675217026	0.5033967267931613	2.1802915682568704	2.504706636759622
NW018	1.040145112048128	0.9607230204262913	1.6003263483778052	0.6258019293483511	2.4541964819085877	0.22070819476822814	0.8675984716257553	1.0239710502512933	1.3276720189235451	0.779342855267887	2.4315487543146164	1.015526523845335	1.9130509833629106	2.222857225535836	0.0	2.2434716062955977	0.7998836666636154	0.9511220119178126	0.8109800784115033	3.2216868768660736	2.9054352892104833	1.0147744486574632	0.7922312349207139	0.7801115643229138	2.716694023584451	0.7467839403917186	2.050933824843366	1.6687121977258421	1.9730052991877258	0.23768758322740968	2.689184057408771	1.3624464636206977	2.2375129815233277	2.6087850821074934	0.9100729508318461	2.094720861609802	2.756510719198676	2.1376783058488122	0.9169584426106594	2.302588865274092	1.3111472525442895	1.3518708114175935	1.1420200939246203	0.22332161945992718	2.3404949358532225	0.3477762092718178	1.387794098670126
NW019	1.5030598967269413	2.2911691561018586	1.952652878780937	1.867023358127845	0.7677075557887927	2.437026738317757	1.7008420993958584	2.133171444543129	3.2993316747295847	1.8434494862819109	2.8489814840906003	1.5086723290227317	1.0043037989031978	0.7769411853850219	2.2434716062955977	0.0	2.83607368114484	1.574367735702232	1.7532575779969781	2.430433862689081	2.801027722578937	2.1908399663528915	2.1427378763385767	3.0109635576637346	1.4703169445498072	2.1646807183251964	0.5661497170720392	3.5291310537308487	3.123422357229091	2.072489823940892	1.0563243264400344	2.751035369390278	1.0195481409263358	0.7464279164909757	1.7484938813940039	2.350536080139949	1.258107625014565	0.11514330616309561	2.382964948185507	1.3240177986151176	1.130883214726222	1.7113557191118731	2.6074346743779953	2.4627122257208924	0.3233552671042549	2.083053197131615	2.067261941559359
NW020	1.3880234911271603	0.7709058371104036	1.5687977727506557	0.9746905814751333	3.168543075926079	0.7694984762667861	1.6622818827474186	0.9441477906778888	1.6055060834632053	1.579099450383555	2.097841106999444	1.7942828111175158	2.257182625740286	2.6225998217725146	0.7998836666636154	2.83607368114484	0.0	1.3002933323289345	1.6095114733161933	3.2162774307368274	2.694285403217288	1.7701892786959388	0.7999138349258585	0.5640552476967537	2.9444065494178666	0.7432595329327545	2.5189808119922024	0.8710737667238292	1.406461271773214	0.8482996342933424	3.0438490017201634	0.8430273017171301	2.9925957839299895	3.306505164965118	1.1563916324420005	1.9133714007716165	3.5096427898135487	2.7284905598886082	1.6187412947295345	2.5343543812041536	1.7522814858620495	2.1504661129414786	0.6856427339088058	0.6867793798696729	2.8620753652860147	1.141543996499461	2.1666769296511306
NW021	0.09305055471526948	0.7334589077309852	0.80678357991447	0.35757876974300135	2.0444377220723506	1.1616702629756428	1.143147700361047	0.5928367382760235	2.266618723004614	1.1860743584552076	1.7968576922666177	1.1180918108956597	0.9887596385061447	1.3336835163218212	0.9511220119178126	1.574367735702232	1.3002933323289345	0.0	1.1359526279225582	2.305104842022929	2.119987467076998	1.6080306382230398	0.6009031647603434	1.6069586874077917	1.7678229453660088	0.5931186777811904	1.2187672013922803	1.9559817076251524	1.7029980955213262	0.7292161952234404	1.777566467271647	1.2189826128601073	1.9806020118742333	2.1464692716051332	0.18141565791921	1.3529042497519383	2.4664596560593486	1.4697228284084265	1.642256119270369	1.3526927953291445	0.4571288131558166	1.589616681397124	1.0489942254984488	1.1430866591974527	1.5672707293084858	1.0359466637109223	1.8168537255246988
NW022	1.1820361830447101	1.5685395989201478	1.9407608475172442	1.025207997857552	1.761492496825773	0.9105885307105124	0.10041850103565224	1.5475688398503036	1.5533027448949122	0.09093351433456037	2.911992396522061	0.29331448337243915	1.809186579855974	2.004289994445734	0.8109800784115033	1.7532575779969781	1.6095114733161933	1.1359526279225582	0.0	3.361575683405946	3.254121868984726	0.5130946598000762	1.3524171237752465	1.506836023461307	2.6512577536837942	1.336614144259755	1.7636259743489995	2.4746435107409015	2.6416631567730975	0.8140484058027183	2.479485823594041	2.0533155945559347	1.4857084448584688	1.9364519039879076	1.2247968710165207	2.485497090444656	1.9987281718376566	1.6598626950768713	0.6480826676050483	2.2744927034541	1.2227765124184022	0.55351828395859	1.8339370789297185	0.9745305801120596	1.9452429505267492	0.4869191798978324	0.6925534851795793
NW023	2.2305709724463743	2.463448520133349	1.6636978007691954	2.5988416816557094	3.196242470108725	3.4172152254069714	3.3469419029537955	2.301311049426876	4.542900650362488	3.430667230417622	1.490158152223824	3.2423427574734838	1.6320003635500988	1.6683306347338727	3.2216868768660736	2.430433862689081	3.2162774307368274	2.305104842022929	3.361575683405946	0.0	0.8883006343569323	3.8657824159453757	2.5467436762790827	3.707714039808258	0.972162221801735	2.569130155460956	1.929342486813604	3.345355139357508	2.35383444287599	3.0012163824706586	1.4468922625061418	2.510727283255154	3.4205363459073914	3.14672318732759	2.313514386698601	1.3556760939393953	3.679926800716909	2.4103364716242948	3.9334690964183743	1.1640944134130415	2.145229053492364	3.67219954564052	2.5686286895726496	3.3791581370023027	2.1225164621035724	3.3401768215981265	3.979613542372187
NW025	2.073105473561102	2.005926711206606	1.329964871336928	2.3230751794536464	3.549144268757013	3.0716212066125013	3.2543844350119038	1.891922540867003	4.179815567616656	3.30592600312502	0.6864701137494753	3.1982130922630465	1.8359642182193208	2.0418228704953667	2.9054352892104833	2.801027722578937	2.694285403217288	2.119987467076998	3.254121868984726	0.8883006343569323	0.0	3.723039473081856	2.156123857416886	3.2301362512330614	1.5449683547893411	2.1778206227688357	2.243427557978877	2.6370750608710454	1.5842438499598779	2.7079674499872484	2.0146515577452493	1.8925959369087455	3.6892078351624065	3.545308370928184	2.0604573997267	0.8218590288714275	4.039816100491511	2.7481007695836626	3.7352659101318992	1.4917326765218917	2.1406887737438303	3.66734710656399	2.0109704520963914	3.0168496111703154	2.540701873551516	3.10480389337502	3.9247543433006626
NW026	1.6642224532539418	1.9199641025899838	2.4017950975696776	1.4350094788232095	2.062195797054207	1.0019840711544425	0.5382604105218843	1.9411199209449332	1.1973099989666867	0.44096376210050503	3.3410971091745245	0.7072518478710309	2.320656790343402	2.5058447723491004	1.0147744486574632	2.1908399663528915	1.7701892786959388	1.6080306382230398	0.5130946598000762	3.8657824159453757	3.723039473081856	0.0	1.7067308358237676	1.498972583986511	3.159852677217466	1.6957242494585536	2.2584627526519516	2.634111085132884	2.9721057791201466	1.124865316619726	2.9778434298387437	2.3680151000038436	1.7250943110638182	2.2502948180732703	1.6721415870410858	2.94027682050902	2.1970551137898804	2.1038589890428874	0.24595354604012534	2.78374371599555	1.7301066224927697	0.5972968097744161	2.146342672507983	1.083552884490002	2.4113599788585014	0.6874743927975702	0.42132117725007384
NW027	0.6736979926538937	0.2537038831796743	0.914253706075044	0.4265263465820983	2.5738079780339502	0.9332125147044396	1.3713963268809128	0.3534199805901665	2.0354406084843557	1.3685328461553907	1.6879645614507666	1.415505713494335	1.5096709729466846	1.869425436559071	0.7922312349207139	2.1427378763385767	0.7999138349258585	0.6009031647603434	1.3524171237752465	2.5467436762790827	2.156123857416886	1.7067308358237676	0.0	1.1842155901809366	2.1872985643018525	0.27119297392069397	1.7831437447229346	1.407717348196265	1.3102918753616206	0.6560121389961335	2.2808959950879575	0.7693468697898093	2.4726381325239384	2.6870417158041473	0.46591176790036604	1.3668232069357873	2.966257528159742	2.0336210291978634	1.6563344140828729	1.7754280336159174	1.0280893487237184	1.8715793561043401	0.5768590513461579	0.8841893807088915	2.1328111928879645	1.0340436269203197	2.0111733587830933
NW028	1.699597302767628	1.2483641827209475	2.0493482519135853	1.2584446927625796	3.2142494388467644	0.6058615117250943	1.5627077407905607	1.412098584615811	1.062778459030149	1.449958441846638	2.651151022313478	1.7337937038751838	2.5956823545401058	2.932750345895984	0.7801115643229138	3.0109635576637346	0.5640552476967537	1.6069586874077917	1.506836023461307	3.707714039808258	3.2301362512330614	1.498972583986511	1.1842155901809366	0.0	3.344254879627892	1.160600126200738	2.7861761951322546	1.241854901540907	1.9501130111834837	0.9630026272852426	3.382390778580147	1.4022259231468022	2.978465132785017	3.372893569967856	1.5067876468893577	2.4419641258697173	3.49035179833981	2.902810579330983	1.2956964765668326	2.9279061267320308	2.0216917112869788	1.9903478554559224	1.2377588406545756	0.5620893756763327	3.0930689757053043	1.0264790732841182	1.9166370025704484
NW029	1.6772614364893634	2.1941499192203553	1.4473393672169312	2.115571396850294	2.231801455949374	2.926769187916724	2.623121998655844	2.0082533530616935	4.013508454388023	2.731535802885093	1.8735602675453926	2.48419373328236	0.8505283966678459	0.739519191829636	2.716694023584451	1.4703169445498072	2.9444065494178666	1.7678229453660088	2.6512577536837942	0.972162221801735	1.5449683547893411	3.159852677217466	2.1872985643018525	3.344254879627892	0.0	2.2159074401204752	1.0135575042196059	3.32253799506128	2.520332858167813	2.4940262672298013	0.4878138659809545	2.4388290834664264	2.47693856535381	2.1760703926926683	1.8472478350974024	1.483863971979324	2.7118267465482675	1.459927688553616	3.2720061599822743	0.41689367135964217	1.4541280351323527	2.8676670554819155	2.410659194692854	2.90970034278968	1.1562172367903283	2.744671982275519	3.2003809409242523
NW030	0.6722351049718766	0.2816797789538506	0.9078269162013751	0.3527030279539274	2.5953806446288468	0.905443537379308	1.3727908221829204	0.2864231718985549	2.0179116228264578	1.3482427376132162	1.6868454268059403	1.4324832991295535	1.516915608942075	1.8872037646696012	0.7467839403917186	2.1646807183251964	0.7432595329327545	0.5931186777811904	1.336614144259755	2.569130155460956	2.1778206227688357	1.6957242494585536	0.27119297392069397	1.160600126200738	2.2159074401204752	0.0	1.7988849350058662	1.3745592689374961	1.3138437374201242	0.5785997498541494	2.3041712263471252	0.7307026585715521	2.485330821609453	2.710970418644637	0.4273393507323401	1.3624841997752482	2.990705150961992	2.0602181701051556	1.6425795696200467	1.8033148524612674	1.0488664589479317	1.8739575680415272	0.5219456323117824	0.8476758820894473	2.1560179475848575	1.0153262014498556	2.0106385841395773
NW031	1.1322975633691275	1.888919069355525	1.430283222532667	1.5565034573559524	1.3134058430537592	2.2609050917880196	1.7268980237039497	1.7104373078985964	3.250591175137898	1.850765494582207	2.291055251270069	1.5643914729725785	0.4431856694388096	0.2759567912467429	2.050933824843366	0.5661497170720392	2.5189808119922024	1.2187672013922803	1.7636259743489995	1.929342486813604	2.243427557978877	2.2584627526519516	1.7831437447229346	2.7861761951322546	1.0135575042196059	1.7988849350058662	0.0	3.1289273813095497	2.6220492982686405	1.846970312573465	0.7230607247261795	2.302912378734283	1.4950835659266817	1.3109193124041398	1.371968594239753	1.7946256599059198	1.8073971298769451	0.5156653413815612	2.408087865262344	0.7859368950086856	0.7724935527446265	1.8944441013826616	2.1854001126697713	2.267852622941521	0.38346374337725836	1.975978777360366	2.239846716669003
NW032	2.0272878848789144	1.247223931641563	1.8799609208426233	1.7022390228484883	3.9518280789457036	1.6329979869709281	2.5241801645310895	1.419596524286102	2.267401156593694	2.447833150269269	1.9640813115131812	2.6436341605253304	2.7883869208026892	3.1718604527038456	1.6687121977258421	3.5291310537308487	0.8710737667238292	1.9559817076251524	2.4746435107409015	3.345355139357508	2.6370750608710454	2.634111085132884	1.407717348196265	1.241854901540907	3.32253799506128	1.3745592689374961	3.1289273813095497	0.0	1.071541959818327	1.6887800612100103	3.5308954418813383	0.8852210066874577	3.8120596737375436	4.074023651628488	1.7834189817154371	1.9971188873881827	4.323429908472352	3.423543879910828	2.469498071453324	2.9465635340032623	2.401144406990384	3.017720814329978	0.9483393403355688	1.5523503716311904	3.4978731112602452	2.0109692088269018	3.034507291797911
NW033	1.7309819420867512	1.0754904125500748	1.2016058783860952	1.6403729159675282	3.7087726226618765	2.0517662963169427	2.6703074397994344	1.134937774210807	3.0039210356666968	2.652164061004255	0.914594884336124	2.7147583918569262	2.209160755548895	2.576802733372583	1.9730052991877258	3.123422357229091	1.406461271773214	1.7029980955213262	2.6416631567730975	2.35383444287599	1.5842438499598779	2.9721057791201466	1.3102918753616206	1.9501130111834837	2.520332858167813	1.3138437374201242	2.6220492982686405	1.071541959818327	0.0	1.867171518675349	2.8324484588285914	0.618089761650551	3.6781722855402426	3.7866688359746625	1.539785085439356	1.0702238666173787	4.1498248625072085	3.0289631839325524	2.883911515322257	2.2069600596585732	2.043168858963599	3.172073485354039	0.8358270886449374	1.975107580821885	2.999795547164628	2.2851929030802545	3.304785593751116
NW034	0.8183847881398113	0.8235116473204194	1.3905118776352126	0.4029534400441177	2.3391936800302378	0.45570874163751546	0.8669067004588143	0.8436571245224058	1.558937343625038	0.8060860222620264	2.2554631116938495	0.9801280005854179	1.6912770069989884	2.0096263644800594	0.23768758322740968	2.072489823940892	0.8482996342933424	0.7292161952234404	0.8140484058027183	3.0012163824706586	2.7079674499872484	1.124865316619726	0.6560121389961335	0.9630026272852426	2.4940262672298013	0.5785997498541494	1.846970312573465	1.6887800612100103	1.867171518675349	0.0	2.473074258158761	1.2608954705300848	2.151532568605963	2.484419149394702	0.6882548426871719	1.8964251430131114	2.6724602147620478	1.9673932389007203	1.0706611389460434	2.080111166643312	1.1021005821219123	1.3669598225572306	1.0393502047275784	0.44027902384196216	2.1503714578110005	0.44867136620206205	1.4596915097274543
NW035	1.6846653222696673	2.333654157647804	1.6752797878233727	2.1323763264881417	1.797282210518684	2.901782803407822	2.443537754545406	2.1444761672088037	3.9364943140668958	2.565539506318592	2.2764955827321116	2.282465655811426	0.794197795813466	0.4786852801093559	2.689184057408771	1.0563243264400344	3.0438490017201634	1.777566467271647	2.479485823594041	1.4468922625061418	2.0146515577452493	2.9778434298387437	2.2808959950879575	3.382390778580147	0.4878138659809545	2.3041712263471252	0.7230607247261795	3.5308954418813383	2.8324484588285914	2.473074258158761	0.0	2.656544477598087	2.0755390155128675	1.7240050507460365	1.8957144252607603	1.8394940416824634	2.2669014298178274	1.0712182697275743	3.120712385180015	0.628736125574987	1.380259304320224	2.611760465555575	2.5902157464164914	2.897991479764933	0.7329879324262246	2.6564312730166066	2.9593415954133078
NW036	1.269415614136367	0.5260714338517855	0.9952811494655807	1.0772288818447513	3.262916521555915	1.4460194193053204	2.089362111470512	0.628182740779215	2.4340527851699725	2.057494520861941	1.2651890058145248	2.1528423842817785	1.9334656040553224	2.317939753688372	1.3624464636206977	2.751035369390278	0.8430273017171301	1.2189826128601073	2.0533155945559347	2.510727283255154	1.8925959369087455	2.3680151000038436	0.7693468697898093	1.4022259231468022	2.4388290834664264	0.7307026585715521	2.302912378734283	0.8852210066874577	0.618089761650551	1.2608954705300848	2.656544477598087	0.0	3.186615258445802	3.3617729580480415	1.0418061954657782	1.1610684228718506	3.6800418003269457	2.6504099897055577	2.276755125285045	2.065257986772968	1.62634272862467	2.5945807081213563	0.22203963455612866	1.3688084147626884	2.680514267379202	1.6812746031763857	2.710419877909283
NW038	1.9500890158603221	2.6765326028738103	2.623550487199827	2.1347062474433507	0.4016646914046085	2.3753813872734906	1.4242922438318144	2.56900817612891	2.921299296354552	1.556992964058336	3.611934511765926	1.2478406049783217	1.86489701537592	1.7537737199565753	2.2375129815233277	1.0195481409263358	2.9925957839299895	1.9806020118742333	1.4857084448584688	3.4205363459073914	3.6892078351624065	1.7250943110638182	2.4726381325239384	2.978465132785017	2.47693856535381	2.485330821609453	1.4950835659266817	3.8120596737375436	3.6781722855402426	2.151532568605963	2.0755390155128675	3.186615258445802	0.0	0.5909048787459316	2.153446576528238	3.112728776645356	0.5266741826978588	1.0182764360809384	1.9648795088772544	2.27533427104008	1.6682668528230231	1.1314410691589645	2.996416863989329	2.4308705724072093	1.3427999603734102	1.9535913416795867	1.432926549804211
NW040	2.092881618515673	2.8692841927757535	2.649571471235291	2.3776885793974305	0.19383732286682628	2.7719899325128146	1.8733470652707471	2.734929767274505	3.437180566157256	2.018179435625569	3.579037490181194	1.6777368940630861	1.743168397937665	1.517841025062681	2.6087850821074934	0.7464279164909757	3.306505164965118	2.1464692716051332	1.9364519039879076	3.14672318732759	3.545308370928184	2.2502948180732703	2.6870417158041473	3.372893569967856	2.1760703926926683	2.710970418644637	1.3109193124041398	4.074023651628488	3.7866688359746625	2.484419149394702	1.7240050507460365	3.3617729580480415	0.5909048787459316	0.0	2.3262562530095834	3.07854606791772	0.5459842563210957	0.8052812774280501	2.480605347753208	2.0656083770333042	1.747446607319679	1.6717492895814858	3.1946185147697737	2.816841426921502	1.0284074782562505	2.3668356524718224	1.995032631811975
NW041	0.24784468003307028	0.5650337304349229	0.7323999550536429	0.2856237373059449	2.223608365292303	1.1134571960011037	1.241748971811167	0.4165513438278404	2.236376430433125	1.2643365294839577	1.6877686780560208	1.2415859049029807	1.1047740113962883	1.4668750518193554	0.9100729508318461	1.7484938813940039	1.1563916324420005	0.18141565791921	1.2247968710165207	2.313514386698601	2.0604573997267	1.6721415870410858	0.46591176790036604	1.5067876468893577	1.8472478350974024	0.4273393507323401	1.371968594239753	1.7834189817154371	1.539785085439356	0.6882548426871719	1.8957144252607603	1.0418061954657782	2.153446576528238	2.3262562530095834	0.0	1.2685671759063695	2.643392573933136	1.645132854124933	1.6811723403570884	1.4309343950831823	0.6254809905615897	1.7095146037476923	0.8709343429428748	1.0823639066712023	1.7295797001885975	1.0550361697246595	1.9138215177981561
NW042	1.3204915472846241	1.2102200799074896	0.5464321633416765	1.5192190350329338	3.0440774691397947	2.262833071592223	2.4954243125101767	1.0784840359399803	3.3744308876244307	2.530088503870621	0.5040187080825543	2.46352661809513	1.3530674006563288	1.6737363669769372	2.094720861609802	2.350536080139949	1.9133714007716165	1.3529042497519383	2.485497090444656	1.3556760939393953	0.8218590288714275	2.94027682050902	1.3668232069357873	2.4419641258697173	1.483863971979324	1.3624841997752482	1.7946256599059198	1.9971188873881827	1.0702238666173787	1.8964251430131114	1.8394940416824634	1.1610684228718506	3.112728776645356	3.07854606791772	1.2685671759063695	0.0	3.525359438306078	2.276936497889668	2.93981539473981	1.2190632912302177	1.4712184437746478	2.935527376546241	1.239638103308	2.207088944158935	2.1539877172699313	2.3059289868970474	3.1695337468857225
NW043	2.4283159432995776	3.169925868126551	3.062045219926989	2.64251570531795	0.49444898753764177	2.890029803698061	1.9334043188093637	3.0585119126004576	3.3859223333472452	2.0672706040945528	4.026296370394248	1.756686267391145	2.221678496855526	2.034849097537544	2.756510719198676	1.258107625014565	3.5096427898135487	2.4664596560593486	1.9987281718376566	3.679926800716909	4.039816100491511	2.1970551137898804	2.966257528159742	3.49035179833981	2.7118267465482675	2.990705150961992	1.8073971298769451	4.323429908472352	4.1498248625072085	2.6724602147620478	2.2669014298178274	3.6800418003269457	0.5266741826978588	0.5459842563210957	2.643392573933136	3.525359438306078	0.0	1.2952883969055267	2.440335195036003	2.5773721631064817	2.1186466197097755	1.6001463620971896	3.495421852252109	2.947251949705897	1.5595265716165994	2.468061446017205	1.8640471549046358
NW044	1.3994109217448472	2.185736718860425	1.8666597574841215	1.761330822991894	0.8031021296484453	2.3308736328131214	1.6066328656762576	2.0316250695381766	3.201513848914355	1.750399968523863	2.776182187331703	1.4147541963338106	0.9414771206549039	0.749355543617267	2.1376783058488122	0.11514330616309561	2.7284905598886082	1.4697228284084265	1.6598626950768713	2.4103364716242948	2.7481007695836626	2.1038589890428874	2.0336210291978634	2.902810579330983	1.459927688553616	2.0602181701051556	0.5156653413815612	3.423543879910828	3.0289631839325524	1.9673932389007203	1.0712182697275743	2.6504099897055577	1.0182764360809384	0.8052812774280501	1.645132854124933	2.276936497889668	1.2952883969055267	0.0	2.2915024069596583	1.2843239967602402	1.0272831678748005	1.637967569290257	2.5046935582688707	2.356249554338879	0.35172929499353806	1.980167490029004	1.9936384583400577
NW045	1.708638962401839	1.858917141708126	2.412201140729397	1.4224679932900532	2.2943631121722716	0.856097120398576	0.6891033342346377	1.904238971901828	0.959530180785077	0.5620682846713764	3.3155172387061187	0.8806137671866331	2.431532882974291	2.6447228321928593	0.9169584426106594	2.382964948185507	1.6187412947295345	1.642256119270369	0.6480826676050483	3.9334690964183743	3.7352659101318992	0.24595354604012534	1.6563344140828729	1.2956964765668326	3.2720061599822743	1.6425795696200467	2.408087865262344	2.469498071453324	2.883911515322257	1.0706611389460434	3.120712385180015	2.276755125285045	1.9648795088772544	2.480605347753208	1.6811723403570884	2.93981539473981	2.440335195036003	2.2915024069596583	0.0	2.8837176412796475	1.8237874549708364	0.8406111173741313	2.057223443292043	0.9386857810165111	2.5868952254594983	0.6356459053343455	0.6488995056713209
NW046	1.262722248989368	1.7902356632506657	1.0746466713183855	1.6995589763968755	2.0861399230911775	2.51205920777593	2.250446773875312	1.6035636688423993	3.6042953241911535	2.351722282486393	1.6683433057595602	2.1242053924856856	0.4891941125297968	0.5556373534421786	2.302588865274092	1.3240177986151176	2.5343543812041536	1.3526927953291445	2.2744927034541	1.1640944134130415	1.4917326765218917	2.78374371599555	1.7754280336159174	2.9279061267320308	0.41689367135964217	1.8033148524612674	0.7859368950086856	2.9465635340032623	2.2069600596585732	2.080111166643312	0.628736125574987	2.065257986772968	2.27533427104008	2.0656083770333042	1.4309343950831823	1.2190632912302177	2.5773721631064817	1.2843239967602402	2.8837176412796475	0.0	1.059994960674005	2.53185938953601	2.0207550411218964	2.493915420510054	1.0500532477111886	2.340730615822136	2.8528710765716734
NW047	0.3777108248202107	1.1610100927873368	0.9603327752912941	0.7922163698903595	1.667056669260407	1.5220442220731056	1.2034241599742201	1.0051949281817634	2.5712900490709703	1.2969648341400009	1.9601232638720336	1.1009665787206977	0.6262731159787803	0.9162446529223133	1.3111472525442895	1.130883214726222	1.7522814858620495	0.4571288131558166	1.2227765124184022	2.145229053492364	2.1406887737438303	1.7301066224927697	1.0280893487237184	2.0216917112869788	1.4541280351323527	1.0488664589479317	0.7724935527446265	2.401144406990384	2.043168858963599	1.1021005821219123	1.380259304320224	1.62634272862467	1.6682668528230231	1.747446607319679	0.6254809905615897	1.4712184437746478	2.1186466197097755	1.0272831678748005	1.8237874549708364	1.059994960674005	0.0	1.5464449967165257	1.4774545439655276	1.520643687257343	1.1125744681213103	1.2945964708524407	1.8381799825128236
NW048	1.6151492907910479	2.0969473547454456	2.389929573828469	1.5467233681854637	1.4806738906726973	1.4207057356858408	0.5070952873346967	2.0650951627047376	1.7917365724755097	0.5773661103691546	3.386068454711645	0.4819587098483388	2.058874067309503	2.162321031563234	1.3518708114175935	1.7113557191118731	2.1504661129414786	1.589616681397124	0.55351828395859	3.67219954564052	3.66734710656399	0.5972968097744161	1.8715793561043401	1.9903478554559224	2.8676670554819155	1.8739575680415272	1.8944441013826616	3.017720814329978	3.172073485354039	1.3669598225572306	2.611760465555575	2.5945807081213563	1.1314410691589645	1.6717492895814858	1.7095146037476923	2.935527376546241	1.6001463620971896	1.637967569290257	0.8406111173741313	2.53185938953601	1.5464449967165257	0.0	2.376992600439337	1.4934090125006467	1.9716964995136108	1.0109259570480171	0.3561935921019389
NW049	1.1090024852197777	0.3440276746476985	0.9723820031773664	0.8723476919281606	3.0885285152563515	1.2324614339663118	1.871265218150518	0.4768856429304843	2.2470279276639307	1.8367537172498556	1.4158586447568355	1.9398942834731163	1.840343443858598	2.2241769865424814	1.1420200939246203	2.6074346743779953	0.6856427339088058	1.0489942254984488	1.8339370789297185	2.5686286895726496	2.0109704520963914	2.146342672507983	0.5768590513461579	1.2377588406545756	2.410659194692854	0.5219456323117824	2.1854001126697713	0.9483393403355688	0.8358270886449374	1.0393502047275784	2.5902157464164914	0.22203963455612866	2.996416863989329	3.1946185147697737	0.8709343429428748	1.239638103308	3.495421852252109	2.5046935582688707	2.057223443292043	2.0207550411218964	1.4774545439655276	2.376992600439337	0.0	1.1566140708073318	2.5581940130352603	1.4595425991474982	2.489120092828965
NW050	1.234211986783999	1.0276754820553986	1.7372014461201797	0.8038203108452712	2.6591832020323602	0.08512506824056615	1.0318237115290387	1.1287484627867022	1.1734047287099405	0.9289434082191861	2.509960491374409	1.1943674930640047	2.1184818648097763	2.4348694675217026	0.22332161945992718	2.4627122257208924	0.6867793798696729	1.1430866591974527	0.9745305801120596	3.3791581370023027	3.0168496111703154	1.083552884490002	0.8841893807088915	0.5620893756763327	2.90970034278968	0.8476758820894473	2.267852622941521	1.5523503716311904	1.975107580821885	0.44027902384196216	2.897991479764933	1.3688084147626884	2.4308705724072093	2.816841426921502	1.0823639066712023	2.207088944158935	2.947251949705897	2.356249554338879	0.9386857810165111	2.493915420510054	1.520643687257343	1.4934090125006467	1.1566140708073318	0.0	2.5596186655037	0.4891942634599276	1.4830735789878782
NW051	1.4850192607314463	2.254108107162332	1.8095648263044362	1.8924212119218262	1.0768695269252113	2.5437753558553142	1.8983114866890383	2.0824244669399303	3.4743086242819325	2.0352656487964627	2.6438082472160853	1.7151101600883518	0.811816623705444	0.5033967267931613	2.3404949358532225	0.3233552671042549	2.8620753652860147	1.5672707293084858	1.9452429505267492	2.1225164621035724	2.540701873551516	2.4113599788585014	2.1328111928879645	3.0930689757053043	1.1562172367903283	2.1560179475848575	0.38346374337725836	3.4978731112602452	2.999795547164628	2.1503714578110005	0.7329879324262246	2.680514267379202	1.3427999603734102	1.0284074782562505	1.7295797001885975	2.1539877172699313	1.5595265716165994	0.35172929499353806	2.5868952254594983	1.0500532477111886	1.1125744681213103	1.9716964995136108	2.5581940130352603	2.5596186655037	0.0	2.2229728630897485	2.3268693701326333
NW052	1.1114372575261604	1.2369500634988453	1.7826686655156854	0.7898703747352469	2.201392292649569	0.42506920957870015	0.5433838062381063	1.2704682704833385	1.2814892260354485	0.4449389516160519	2.6805598150631833	0.7153197845831449	1.9141068277263433	2.1802915682568704	0.3477762092718178	2.083053197131615	1.141543996499461	1.0359466637109223	0.4869191798978324	3.3401768215981265	3.10480389337502	0.6874743927975702	1.0340436269203197	1.0264790732841182	2.744671982275519	1.0153262014498556	1.975978777360366	2.0109692088269018	2.2851929030802545	0.44867136620206205	2.6564312730166066	1.6812746031763857	1.9535913416795867	2.3668356524718224	1.0550361697246595	2.3059289868970474	2.468061446017205	1.980167490029004	0.6356459053343455	2.340730615822136	1.2945964708524407	1.0109259570480171	1.4595425991474982	0.4891942634599276	2.2229728630897485	0.0	1.0436236161693093
NW053	1.855997010755357	2.235018122387479	2.623625693449106	1.7125106168084394	1.8020221761301423	1.4027314000026898	0.6744836388907939	2.2319702335276537	1.5402618997096091	0.6675012908380116	3.5995465426833055	0.7413875528916654	2.380964949157984	2.504706636759622	1.387794098670126	2.067261941559359	2.1666769296511306	1.8168537255246988	0.6925534851795793	3.979613542372187	3.9247543433006626	0.42132117725007384	2.0111733587830933	1.9166370025704484	3.2003809409242523	2.0106385841395773	2.239846716669003	3.034507291797911	3.304785593751116	1.4596915097274543	2.9593415954133078	2.710419877909283	1.432926549804211	1.995032631811975	1.9138215177981561	3.1695337468857225	1.8640471549046358	1.9936384583400577	0.6488995056713209	2.8528710765716734	1.8381799825128236	0.3561935921019389	2.489120092828965	1.4830735789878782	2.3268693701326333	1.0436236161693093	0.0
