Family	NW001-1	NW001-3	NW001-4	NW002-1	NW002-2	NW003-1	NW003-2	NW003-3	NW003-4	NW003-5	NW005-1	NW005-2	NW005-3	NW005-4	NW005-5	NW006-1	NW006-2	NW006-3	NW007-1	NW007-2	NW007-4	NW007-5	NW007-6	NW008-1	NW010-1	NW010-2	NW010-4	NW010-5	NW011-1	NW011-2	NW011-4	NW011-5	NW011-6	NW012-1	NW012-3	NW012-4	NW012-5	NW012-6	NW013-1	NW013-2	NW013-3	NW013-4	NW013-5	NW014-1	NW015-1	NW015-2	NW015-3	NW015-5	NW015-6	NW016-1	NW016-2-1	NW016-2-2	NW016-2-3	NW016-3	NW016-4-1	NW016-4-2	NW016-5	NW018-1	NW018-2	NW018-3-1	NW018-3-2	NW018-4	NW018-5	NW019-1	NW019-2-1	NW019-2-2	NW019-3	NW019-4	NW019-5	NW020-1	NW020-2	NW020-3	NW020-5	NW020-6	NW021-3	NW021-5	NW021-6	NW022-1	NW022-4	NW022-5-1	NW022-5-2	NW022-6	NW023-1	NW023-3	NW023-4	NW023-6	NW025-1	NW025-2	NW025-3	NW025-4	NW026-1	NW026-2	NW026-3	NW026-4	NW026-5	NW027-1	NW027-2	NW027-3	NW027-5	NW027-6	NW028-1	NW028-2	NW028-3	NW028-4	NW028-5	NW029-1	NW029-2	NW029-3	NW029-5	NW030-1	NW030-2	NW030-4	NW030-5-1	NW030-5-2	NW030-6	NW031-1	NW031-2	NW031-3	NW031-4	NW031-5	NW032-1	NW032-2	NW032-3	NW032-4-1	NW032-4-2	NW032-4-3	NW032-5	NW033-1	NW033-2	NW033-3	NW033-4	NW033-5	NW034-1	NW034-2-1	NW034-2-2	NW034-3	NW034-4	NW034-5	NW035-1	NW035-2	NW035-4-1	NW035-4-2	NW035-5	NW036-1	NW036-2	NW036-3	NW036-4	NW036-5	NW038-1	NW038-2	NW038-3	NW038-4	NW038-5	NW040-1	NW040-2-1	NW040-2-2	NW040-3	NW041-1	NW041-2	NW042-1	NW042-3	NW042-4	NW042-5	NW043-1	NW043-3	NW043-4-1	NW043-4-2	NW043-6	NW044-1	NW045-1	NW045-2	NW045-3	NW045-4-1	NW045-4-2	NW045-5	NW046-1	NW046-5	NW047-4	NW047-5	NW048-1	NW048-5-1	NW048-5-2	NW049-1	NW049-2	NW049-3	NW049-4	NW049-5	NW050-1	NW050-2	NW050-3	NW050-4	NW050-5	NW051-1	NW051-2	NW051-3	NW051-5	NW051-6	NW052-1	NW052-2	NW052-4	NW053-1	NW053-2	NW053-3	NW053-4	NW053-5
Bacteroidaceae	4870	2923	251	0	0	3269	3513	2036	3216	4331	8107	2805	2584	2731	3247	1822	400	1592	7019	4725	3824	4302	2495	2283	9060	5373	125	19	7256	10242	10087	11539	13471	5234	3899	8118	6139	2097	7879	17134	15182	7641	10979	3906	6449	2411	5979	7503	5641	6236	6971	4101	2015	5026	1814	6958	179	11658	7758	11329	3754	8928	11713	4195	2651	2723	5849	6534	4555	693	852	1272	2126	7000	12881	8958	9578	4603	3091	4255	7048	4875	19547	4026	5502	4858	5492	3113	6906	9548	2935	3677	3159	6460	10433	13	0	0	7	9	9105	5973	4121	5449	3478	5399	5752	3964	6127	8637	5527	6440	10236	6693	10395	5855	3519	5252	5638	6597	0	5387	8667	14625	13734	18354	13837	15175	10293	3061	227	18638	9990	6172	7418	12508	6692	7888	1360	1745	2046	2846	1030	8971	4821	9995	8484	8666	2274	1879	2309	2611	2904	4796	4747	4424	3298	6462	10772	1728	1889	598	1011	1847	638	1281	1838	2299	6026	5774	3168	5610	4058	1539	2388	3479	3451	2673	11381	7017	4212	6942	4438	8207	870	1752	542	1797	646	1024	5166	1962	5466	4801	4814	7927	12425	3357	1572	368	3922	2018	4395	5850	17247
Lachnospiraceae	1162	1168	1828	3025	2219	2818	3472	1984	2005	3447	8824	5389	3391	5439	6705	2550	4609	3552	1107	3560	1532	3458	2682	6235	9075	1480	3520	5010	6127	7808	3935	4650	3760	7196	7597	3379	11757	12650	4741	6213	11974	4962	4123	4066	3948	3893	5432	3782	4878	1782	3368	968	606	2214	2862	3223	4474	4439	3681	3104	1108	3651	3816	636	312	735	980	1125	780	12066	5366	7911	14073	7603	971	1560	3209	2396	5611	3355	1435	3455	8872	2948	2906	3278	1767	2284	2616	3617	9008	3953	6275	5902	6663	8040	9101	24703	4932	24729	3320	3507	2771	4162	3697	1849	1070	2110	1759	2437	2425	2027	2184	2305	1822	1958	1734	1627	1626	753	7566	1114	3796	5839	4206	4982	15152	4046	5811	5859	5651	7625	6088	4622	4206	4344	8167	5082	3406	2295	2679	2158	3022	3049	2707	9723	6229	9400	5442	4091	3747	4342	7197	3475	4025	5993	1945	5178	7399	4550	8789	5456	4046	3462	1376	5114	3676	3474	2081	3546	2756	5138	8913	5914	4778	3720	1685	5003	3731	4677	8052	4405	2900	4302	1274	682	5206	6002	4054	2763	4611	4991	806	863	1026	1453	1803	5816	9117	329	6266	2914	1962	5669	6662
Tannerellaceae	725	644	28	4329	1874	1003	1481	496	1549	1682	2677	683	620	919	564	875	124	177	428	323	917	0	148	179	235	810	4	0	271	273	575	416	246	1471	189	1115	263	124	0	0	0	0	0	550	2244	1333	2381	2458	2568	1747	1707	2820	333	660	287	1349	102	1538	777	877	713	631	1152	3952	2243	1919	3761	3454	4981	1878	692	3107	157	368	4967	2762	1769	1225	532	1114	1817	1605	3014	2663	2098	478	1208	891	1071	530	980	619	421	980	1870	0	0	0	0	0	475	183	263	105	38	2660	1892	2618	1960	547	488	506	1082	681	501	1230	787	1709	2340	1745	0	0	0	0	0	0	0	1557	1851	1090	95	2438	6090	6655	5286	5223	3737	5878	826	456	793	694	552	1439	1033	1494	1100	1137	1117	642	1126	1974	978	1305	1177	2696	2573	5369	1049	2459	2470	1120	3184	821	294	687	919	391	1142	750	3583	645	1563	267	526	1931	1191	408	1435	683	222	1349	2595	2533	869	818	868	760	850	855	941	799	1448	1833	2073	1990	2070	761	97	11	665	327	1377	711	2358
Enterobacteriaceae	10	20	4937	828	309	70	453	301	780	317	7	0	0	91	0	71	37	491	23	24	0	0	131	411	4971	8	5720	2207	11	8	209	20	27	38	37	192	121	59	64	1115	46	0	10	30	154	6	0	159	9	318	9	33	0	11	0	23	55	7	0	0	0	7	0	78	0	26	32	29	105	0	0	16	4	0	3126	4881	14174	3708	97	91	453	6892	5	15	49	960	250	233	97	68	444	367	1376	869	457	6029	2967	5923	10370	3264	771	1493	695	1137	4164	526	337	1510	1025	649	321	417	736	112	245	153	109	60	164	84	319	43	6	86	148	139	81	529	290	5133	6614	1025	91	74	89	44	10	129	147	165	178	230	190	0	0	0	0	56	0	0	167	9	3	1489	790	1485	2260	3	88	645	473	75	897	1620	685	1162	1112	1240	922	1006	1673	332	1645	1323	1028	0	0	2940	1390	10	37	0	525	1457	54	96	89	7303	7166	14087	9671	5139	41	65	118	54	40	25	0	17	7344	9770	11463	10893	14293
Ruminococcaceae	177	86	40	990	341	427	389	636	518	368	916	990	431	583	1226	606	1995	1140	17	206	497	0	18	1359	70	148	120	180	2396	3500	1594	1894	2216	1640	1683	206	1737	931	1453	919	2511	1103	2376	852	1278	1453	2384	2018	1955	366	303	685	21	72	78	61	247	1164	1648	871	565	812	764	1464	512	575	838	840	1017	3603	1740	2841	5016	2567	400	657	1270	1367	1573	921	206	814	2741	925	781	513	788	1173	370	856	2128	1039	1206	1268	976	55	28	0	0	23	389	592	572	553	548	376	231	237	248	905	1157	418	1215	263	1673	577	538	408	482	450	700	64	775	1449	1087	1796	1738	547	242	55	15	1216	1585	1360	1396	1109	1112	1360	926	618	931	593	1255	744	940	1766	1907	1257	1520	1434	1290	1725	1117	443	1126	1062	629	730	1158	2086	882	1138	1068	1535	552	1252	737	684	1011	762	563	1623	953	352	839	1694	1714	1229	58	584	169	681	960	1152	374	303	2330	565	518	568	309	540	1888	2061	1900	2475	2991	1235	640	151	1117	844	607	1114	1412
Marinifilaceae	0	0	0	26	28	2518	4054	4628	2530	3703	73	60	57	100	77	70	14	63	0	0	0	0	0	56	0	0	0	0	0	0	0	0	0	40	713	38	108	0	92	0	75	26	48	35	177	49	225	296	275	1352	873	347	48	216	31	97	0	0	0	0	0	0	0	391	257	248	569	479	706	0	0	0	0	0	47	70	84	17	98	171	251	53	9382	7215	6327	469	609	205	517	286	715	88	73	143	139	0	0	0	0	0	0	0	0	0	0	8848	3276	4760	2716	47	56	61	104	74	38	457	836	1173	688	1163	0	0	0	0	0	0	0	0	0	0	0	0	0	0	0	0	0	0	353	556	1495	851	1442	0	0	0	0	0	511	386	1229	1479	575	178	483	369	488	74	46	12776	2844	6487	12091	214	106	152	154	221	1621	0	0	0	0	0	0	1125	2418	11	127	131	68	132	0	0	0	0	0	28	7	21	20	42	6394	12590	17095	13955	13545	19	4	0	121	91	58	292	634
Rikenellaceae	496	234	32	448	506	1225	1672	2876	1761	1526	595	559	517	795	821	315	135	310	290	0	678	0	26	511	275	374	55	0	685	958	1119	778	810	187	568	34	363	123	1606	480	2489	1753	1070	157	776	573	816	1770	1511	450	318	995	41	204	51	173	8	1162	830	1801	460	1393	1717	2031	967	795	1473	1393	2717	604	632	858	535	532	447	340	845	239	627	797	927	393	1665	414	560	2471	1226	898	1151	1898	1363	445	311	401	649	0	0	0	0	0	0	0	0	0	0	2178	1501	2298	1926	625	324	804	867	729	579	344	301	789	822	978	0	0	0	0	0	0	0	94	486	20	0	74	2028	1811	2192	1586	1319	1298	1417	715	1596	1330	915	538	387	1529	901	630	1268	1638	2755	3259	2085	516	676	835	1151	2539	1131	2419	1786	1534	1971	859	180	775	639	600	970	225	177	370	331	78	319	303	249	286	549	1404	768	1118	324	409	85	270	127	1738	1680	1403	920	1583	1435	1349	1638	1449	1628	1761	423	10	933	452	680	566	1857
Akkermansiaceae	1209	1986	6536	563	271	563	1214	2534	1578	1015	9	0	0	0	5	596	7	290	0	0	0	0	0	0	0	1167	0	0	0	74	478	50	140	0	0	0	0	7	1616	23	2	0	0	42	1829	380	0	0	303	0	0	2754	0	176	4360	2150	16255	914	543	945	322	1424	2182	2391	1389	2108	2899	2032	4058	12	8	19	712	808	363	42	155	4	21	66	189	80	99	0	28	5529	1653	1494	1591	3552	8	0	0	0	0	2	0	0	6	0	15	9	0	0	0	343	187	64	0	211	174	2282	173	2130	1046	25	781	250	1088	4645	3328	14	1248	1041	1665	1730	2191	0	0	0	0	0	0	0	0	0	0	0	2737	1232	3415	3931	3574	230	411	1802	544	1374	180	376	442	459	208	823	35	467	2535	0	0	5	16	7	18	1636	200	1943	965	151	2719	0	0	0	0	0	0	1153	1771	4035	2829	588	63	442	994	2317	321	308	1730	0	0	0	0	0	287	653	1427	795	1005	0	0	0	34	77	0	56	66
Oscillospiraceae	264	374	25	389	388	301	452	556	317	387	363	412	299	496	646	476	827	1375	43	269	117	84	58	118	141	293	141	94	1031	1239	657	677	901	284	847	85	280	293	1025	554	1919	740	286	89	810	588	631	1427	1318	221	180	400	23	58	72	42	100	190	271	690	87	349	716	644	220	249	339	491	632	91	86	188	97	90	118	162	242	171	508	384	361	51	476	559	363	289	622	464	200	562	380	372	207	414	285	0	0	0	0	0	367	370	152	317	114	645	443	670	307	404	231	377	384	159	541	473	603	625	360	647	54	0	370	267	241	426	348	393	641	96	42	502	826	390	1166	427	276	491	1201	1262	1899	802	2256	133	213	563	628	274	630	749	834	694	724	318	811	523	446	472	956	344	274	546	507	1357	618	1503	868	1704	907	221	81	508	297	182	187	652	774	240	88	374	140	172	100	446	76	164	365	381	287	339	538	232	738	1353	1695	1169	922	810	215	35	580	499	366	301	432
Streptococcaceae	68	106	139	906	593	0	0	0	0	0	64	188	84	96	487	0	3	0	0	0	0	25	29	21	856	80	481	109	172	56	170	449	113	7	0	4	21	16	3	0	0	0	4	0	11	18	27	26	19	6	8	314	0	0	13	7	33	14	0	13	0	10	0	356	162	268	259	375	335	214	93	155	104	81	0	0	24	0	76	12	4	5	0	0	0	6	12	7	8	14	469	115	460	351	204	1775	141	201	18	137	105	217	495	239	527	0	0	0	0	0	0	0	0	21	5	5489	3647	2671	4008	1529	409	254	155	388	242	329	1538	63	36	0	23	79	614	772	332	74	234	715	755	138	397	170	559	262	80	434	116	679	0	4	0	0	8	6	0	17	0	6	138	107	36	34	51	0	0	0	0	0	0	140	204	351	843	415	531	0	3	3	19	27	84	58	6	58	27	22	226	0	0	0	0	0	117	182	214	571	588	1731	457	85	2539	6961	3265	3718	2019
Prevotellaceae	24	21	0	0	0	0	0	0	0	0	0	0	0	0	0	402	848	103	122	889	0	0	0	438	1052	5	44	9	0	0	0	0	0	1644	263	1752	544	149	0	0	0	0	0	615	0	0	0	0	0	152	961	2994	234	601	245	829	47	0	0	0	0	0	0	555	607	1370	1237	1204	174	0	0	0	0	0	0	0	0	24	14	136	319	927	0	0	0	0	0	0	0	0	514	321	237	449	329	0	0	0	0	0	0	0	0	0	0	191	318	262	710	0	0	0	0	169	0	175	141	12	0	14	0	0	0	0	0	0	0	0	0	0	0	0	82	724	129	172	1849	440	108	308	125	944	162	0	0	0	0	0	5446	1574	1980	1573	461	1097	1051	986	128	0	0	0	0	0	0	2918	3239	3103	3479	1714	55	302	188	378	203	173	132	165	117	0	78	183	54	49	0	0	0	0	0	0	0	0	0	0	51	90	59	93	203	0	0	0	0	0	0	0	0
Bifidobacteriaceae	0	3	0	15	59	0	0	0	0	0	63	55	10	44	167	0	0	49	1698	2785	1482	4893	3313	615	14	0	12	64	536	623	936	3327	1404	12	35	8	39	61	0	0	110	29	0	0	0	0	0	0	0	0	0	94	0	0	0	0	0	118	174	356	82	209	205	122	36	148	194	85	86	92	106	192	129	43	0	0	0	171	3051	759	300	365	0	0	0	0	0	0	0	0	3	6	6	0	6	73	27	51	0	17	2035	600	1476	1546	1013	0	0	0	0	0	0	0	0	9	0	24	17	23	51	14	0	0	0	0	0	0	14	1149	976	6	65	108	0	0	0	0	0	0	2431	1496	1913	1452	3185	0	9	11	6	9	0	0	0	0	0	0	0	0	0	1563	1427	71	6	28	8	0	0	0	0	0	69	5	57	39	158	40	28	890	923	0	0	0	8	8	50	112	39	105	612	28	76	61	53	41	412	365	416	459	900	25	67	0	9	23	7	22	4
Fusobacteriaceae	0	0	0	0	0	0	0	0	0	0	0	0	0	0	0	0	0	0	0	0	0	0	0	0	6	0	0	0	4	0	0	9	0	0	0	0	0	0	0	0	0	0	0	0	0	0	0	0	0	0	0	0	0	0	0	0	0	0	0	0	0	0	0	0	0	0	0	0	0	0	0	0	0	0	0	0	0	0	0	0	23	0	0	0	0	0	0	0	0	0	0	0	0	0	0	25	6	0	187	12	0	0	0	0	0	0	0	0	0	0	0	0	0	0	0	0	0	0	0	0	0	0	0	0	0	0	0	0	0	0	0	0	0	0	0	0	0	0	0	0	0	18	0	0	0	0	0	0	0	0	0	0	0	15	0	12	6	0	0	0	0	0	0	43	180	160	829	99	0	11230	7538	4397	7808	11387	7736	0	0	0	0	0	0	0	0	0	0	0	0	0	0	0	0	0	0	0	0	0	0	0	0	0	0	0	0	0	0
Clostridiaceae	0	0	4	0	0	61	139	449	171	47	0	0	0	0	73	23	16	20	0	0	0	0	4	6	52	0	25	0	1363	813	130	800	1065	550	310	190	151	339	0	0	0	0	0	0	49	0	0	6	0	0	0	177	0	0	0	21	0	0	0	0	0	0	0	430	140	223	289	368	710	0	0	0	0	116	0	0	6	0	115	45	41	0	22	9	43	18	0	0	0	0	6	0	0	437	165	7229	3681	2234	8487	1691	0	0	0	0	0	0	0	0	0	0	0	0	0	0	0	0	0	0	0	0	60	0	0	10	9	16	31	11	0	0	0	67	82	42	84	52	140	54	171	105	892	560	962	0	0	151	24	0	0	0	12	0	29	21	25	6	92	0	0	8	1207	2173	814	0	17	35	84	0	77	155	274	238	827	167	129	381	549	4	0	3	0	0	0	11	15	18	38	264	397	287	57	65	0	0	0	0	0	164	0	0	0	0	0	0	0
Barnesiellaceae	0	0	0	0	0	0	0	0	0	0	0	0	0	0	0	0	20	20	0	0	0	0	0	0	0	0	0	0	0	0	0	0	0	204	396	95	433	91	981	481	1218	935	588	145	1000	772	1044	2015	2262	535	887	109	46	375	247	843	97	0	0	0	0	0	0	337	81	38	168	220	408	0	0	0	0	0	71	146	226	191	580	773	565	239	127	41	37	1062	440	502	910	874	690	111	183	82	414	0	0	0	0	0	0	0	0	0	0	103	117	54	91	0	0	0	0	0	0	74	80	254	307	987	0	0	709	1556	1553	1829	1107	565	529	55	7	468	0	0	0	0	0	0	0	0	0	0	0	0	0	0	0	0	493	424	500	876	672	0	29	33	37	401	437	0	0	0	0	29	10	10	6	32	132	156	106	279	105	59	131	171	184	617	1408	311	252	41	0	0	0	0	0	0	0	0	0	0	182	146	159	309	338	0	0	0	0	0	0	0	0
Peptostreptococcaceae	16	0	0	135	28	9	6	47	0	0	11	9	0	0	3	52	33	8	40	0	51	0	13	219	130	19	986	0	875	1199	446	830	1535	379	357	272	209	81	0	276	15	0	0	0	17	0	28	87	30	0	0	186	0	0	0	3	6	158	52	62	63	31	15	578	246	181	282	420	1163	188	109	115	146	46	0	33	172	21	889	132	127	49	5	6	12	39	25	15	4	45	0	0	0	0	0	1567	707	520	2001	1634	532	617	212	482	582	0	0	0	0	34	39	64	34	195	16	0	0	0	0	0	1108	218	167	472	469	464	747	853	458	42	84	452	319	586	106	217	315	306	374	452	1479	1306	2893	29	167	551	151	96	0	21	0	0	15	0	0	0	0	39	85	0	0	0	4	94	47	86	25	387	67	395	194	393	278	33	32	231	283	0	0	13	26	94	28	198	24	25	22	10	0	24	0	0	9	32	54	23	26	182	78	71	0	17	46	392	591
Coriobacteriaceae	434	399	289	0	0	0	0	0	0	0	346	159	59	121	677	567	764	1721	0	0	0	0	0	999	0	588	0	0	0	0	0	0	0	33	281	21	247	351	273	0	7	114	118	41	0	0	0	0	0	26	5	63	0	10	22	25	13	118	412	203	75	128	209	69	67	67	42	70	112	1126	696	1140	1069	310	0	4	9	268	3108	596	194	689	0	0	0	194	189	364	87	270	174	109	212	56	297	0	0	0	0	0	0	0	0	0	0	93	17	0	102	0	0	0	0	0	0	26	41	50	110	172	0	0	0	0	0	0	0	0	0	0	0	0	0	0	0	0	0	0	2587	949	1635	786	1484	20	19	138	50	75	39	114	100	183	162	119	134	294	473	542	637	0	0	0	0	106	22	70	30	115	147	23	82	178	274	162	76	670	489	373	56	289	558	790	0	0	0	0	0	0	0	0	0	0	823	1076	1489	1032	417	1	50	0	26	73	6	36	21
Acidaminococcaceae	1615	2463	0	0	0	0	0	0	0	0	440	149	155	157	221	51	109	53	310	251	106	0	0	713	0	1799	0	0	0	0	0	0	0	0	0	0	0	0	0	0	0	0	0	102	0	0	0	0	0	225	251	552	17	179	60	320	9	0	0	0	0	0	0	528	290	249	488	506	450	0	0	0	0	0	78	134	317	240	75	137	64	70	876	227	455	220	175	294	171	393	607	357	238	578	425	0	0	0	0	0	0	0	0	0	0	351	208	276	272	0	0	0	0	0	0	0	0	0	0	0	26	16	227	323	383	327	414	0	0	0	0	0	125	153	152	109	362	83	388	240	545	434	356	556	356	1086	1036	1068	605	360	368	396	74	47	173	100	189	360	649	200	137	210	251	363	216	495	341	94	209	154	106	159	213	202	65	105	32	259	652	375	235	0	61	285	13	30	23	130	23	31	208	51	227	201	158	254	399	81	55	0	64	22	53	59	120
Veillonellaceae	2	4	0	201	141	153	121	80	81	77	0	10	0	0	0	0	0	0	642	777	57	0	4	414	327	0	2556	2611	761	1003	772	1101	459	1779	532	143	1361	199	154	0	0	0	0	201	0	0	0	0	0	0	0	885	0	0	0	0	0	409	268	228	56	289	538	519	360	739	614	523	585	1409	373	902	1387	724	0	0	0	393	394	512	27	213	0	0	0	0	0	0	0	0	0	0	0	20	4	639	125	360	237	587	239	196	454	371	444	0	0	0	0	255	251	223	144	57	496	256	282	69	127	75	0	32	0	0	4	0	12	52	68	373	212	38	3	29	0	0	92	35	0	8	7	15	28	0	0	0	0	0	0	0	8	0	0	110	138	190	29	0	0	0	0	0	0	0	0	0	0	0	0	99	55	21	147	0	18	4	7	0	0	0	0	0	0	0	0	0	0	0	0	0	0	0	49	38	13	50	57	148	279	0	0	0	0	0	0
[Eubacterium]_coprostanoligenes_group	81	48	0	1043	287	17	22	41	8	15	49	19	19	36	67	1120	1164	2488	0	0	0	0	0	255	11	75	0	0	625	551	340	675	429	576	601	17	824	332	182	0	319	131	112	22	151	86	133	255	273	10	12	314	7	14	25	26	41	66	153	143	34	194	322	358	207	191	228	328	445	140	189	188	175	71	41	47	0	130	401	149	39	28	683	77	77	12	34	46	19	50	465	77	256	150	289	0	0	0	0	0	112	88	68	181	236	56	23	77	44	39	47	45	51	37	50	194	182	219	181	57	45	0	76	99	92	90	80	74	69	0	0	59	675	478	617	461	393	240	367	383	236	133	312	38	66	228	85	104	35	67	45	88	125	293	588	205	227	169	113	104	65	162	73	387	125	412	178	380	333	274	113	663	236	207	86	162	86	27	15	23	13	19	32	67	7	18	60	297	214	218	240	132	205	158	167	188	93	73	26	0	309	233	75	211	69
Christensenellaceae	9	23	17	130	60	0	26	59	30	20	34	89	46	76	89	1399	675	2110	0	0	0	0	0	119	0	5	0	0	79	66	77	78	76	0	306	0	12	20	434	8	52	45	87	0	78	6	12	58	56	0	0	0	0	0	0	0	0	25	17	21	0	28	36	14	0	0	0	3	12	263	50	176	173	45	38	42	42	0	106	34	80	0	2045	1019	1116	178	218	129	67	352	136	21	17	31	46	0	0	0	0	0	0	0	0	0	0	474	158	297	170	7	4	5	33	37	37	175	346	959	402	439	11	0	340	386	446	1084	338	0	6	0	0	0	4	3	10	8	0	7	662	488	703	434	600	30	23	50	36	122	172	360	233	440	274	70	314	141	452	0	32	45	36	128	195	466	180	547	206	504	660	54	0	52	62	41	120	2173	2630	0	0	80	28	56	10	48	0	0	55	18	6	5	32	34	461	790	1123	435	505	106	57	0	75	56	13	36	30
Erysipelotrichaceae	0	0	16	103	71	18	13	61	30	5	16	7	0	17	27	284	564	871	0	0	0	0	0	332	78	0	177	82	38	74	40	46	57	31	45	12	52	14	432	250	971	279	221	0	22	24	13	22	32	45	34	503	0	14	0	0	5	7	0	0	0	0	5	694	497	339	600	604	806	56	4	18	35	0	0	0	8	21	376	78	104	43	260	73	135	18	35	37	0	89	17	0	0	0	7	1145	284	209	1393	466	0	8	0	5	11	142	44	381	204	43	45	77	50	103	115	19	11	21	42	43	179	44	25	154	129	106	511	147	107	0	33	114	134	35	174	59	46	60	1320	362	1124	686	1105	25	62	110	54	59	568	647	1009	1091	1262	196	119	104	167	16	57	557	402	1090	911	261	78	179	88	272	32	28	0	28	26	126	74	949	375	4	0	37	54	34	143	341	74	76	443	206	138	79	343	231	107	98	99	81	109	26	49	0	0	20	7	3	3
Unknown	12	58	79	69	3	0	3	0	8	0	11	50	0	19	45	47	26	150	0	0	0	0	17	37	188	5	116	11	71	57	83	350	105	0	15	0	10	7	14	0	0	17	5	7	15	11	24	22	25	0	10	26	0	11	17	0	28	0	0	0	0	0	0	23	0	13	0	8	16	24	0	9	11	0	9	0	54	0	33	0	0	9	533	134	224	0	0	0	0	6	80	14	104	73	65	577	0	86	97	69	0	0	0	0	0	0	0	0	0	8	0	0	0	3	13	46	66	67	40	68	28	12	58	61	57	56	161	17	20	0	0	26	3711	5528	4344	4317	3612	5649	82	30	24	21	43	68	39	118	125	167	15	28	50	65	9	30	32	17	75	6	12	354	105	444	270	46	6	47	10	21	25	53	44	94	257	142	120	68	11	0	0	76	10	48	12	108	0	0	113	10	20	10	8	0	40	40	48	78	99	105	38	11	0	24	16	0	9
Lactobacillaceae	42	65	481	125	73	0	0	0	0	0	6	19	5	0	27	0	0	16	0	0	25	1819	14313	0	73	32	129	99	224	110	188	603	78	0	0	0	0	0	0	0	0	0	0	0	0	0	0	0	0	6	0	676	0	0	0	0	0	0	0	0	0	0	0	472	314	756	999	511	147	21	0	12	8	10	0	0	0	0	0	0	0	0	0	0	0	0	0	0	0	0	377	37	35	57	22	7	0	0	0	0	792	259	391	1310	695	4	0	0	0	0	0	0	0	0	0	0	8	0	0	7	170	41	0	47	225	219	235	39	0	0	0	0	276	78	11	14	0	22	169	15	270	110	190	0	0	0	0	0	0	0	0	0	0	5	33	21	18	0	0	102	95	59	10	0	0	0	0	0	39	0	0	0	41	4	29	0	0	0	0	14	85	55	0	0	0	0	0	0	0	0	0	0	93	95	55	126	301	61	98	0	116	19	5	18	36
Sutterellaceae	101	76	0	85	68	0	0	0	0	0	36	4	28	0	0	28	10	16	394	1543	219	2018	15	0	0	56	0	0	334	204	109	968	201	1985	0	470	172	77	0	0	0	0	0	274	134	46	342	198	221	87	101	105	52	98	13	68	0	161	191	210	138	138	59	91	37	80	94	48	66	214	243	379	138	401	0	0	0	0	0	0	32	0	20	17	12	0	0	0	0	0	269	259	252	628	345	0	0	0	0	0	0	0	0	0	0	0	0	0	0	30	28	14	115	0	0	76	114	44	18	19	0	0	0	0	0	0	0	0	0	0	0	0	683	839	1277	1122	910	1286	0	0	0	9	11	0	0	0	0	0	178	48	58	36	7	79	126	74	49	146	114	57	53	15	32	81	50	131	173	49	151	179	179	293	733	999	74	11	9	11	283	115	232	70	0	0	0	0	0	0	0	0	0	0	132	66	45	108	117	44	49	0	0	0	0	0	0
Desulfovibrionaceae	231	335	148	0	0	129	178	101	117	135	143	76	73	122	49	157	218	285	62	83	35	0	53	31	177	223	126	26	0	7	96	0	13	0	0	0	0	0	132	96	209	33	30	132	129	67	148	254	277	232	234	336	5	35	95	144	4	142	0	101	8	59	10	232	186	189	241	326	179	0	0	0	0	0	8	40	102	145	62	38	117	134	176	135	128	25	21	34	22	20	60	37	37	41	29	0	0	0	0	0	0	0	0	0	0	380	299	495	216	56	37	58	81	33	33	33	17	40	0	83	0	0	225	266	320	449	370	0	0	0	0	0	168	36	221	84	170	63	125	108	98	144	139	136	94	8	126	14	146	176	259	165	116	284	349	269	219	176	170	166	109	101	273	372	145	415	274	249	136	83	41	113	286	219	20	109	87	191	243	320	888	176	48	33	0	14	3	22	14	20	49	13	165	157	253	242	183	10	45	0	47	8	25	17	82
Erysipelatoclostridiaceae	0	0	0	45	24	35	25	32	51	25	86	17	12	34	83	128	153	191	5	16	10	0	5	31	128	0	29	215	57	57	82	131	35	334	403	82	875	1431	611	527	1484	402	366	96	126	84	85	98	86	0	20	38	0	2	0	5	0	108	68	61	19	111	75	30	35	27	69	39	46	83	41	23	219	97	12	0	53	4	65	10	11	5	493	89	195	77	30	69	28	31	24	0	10	20	69	1891	271	263	31	132	0	3	0	5	11	41	27	82	18	11	11	6	0	42	0	29	45	37	27	27	116	0	15	38	24	17	79	89	69	12	9	117	33	6	15	14	7	0	381	254	210	91	201	29	32	106	42	104	378	540	312	356	518	288	338	366	267	0	53	104	69	80	62	31	18	61	64	129	5	50	0	46	13	56	70	158	72	0	0	5	147	32	17	66	0	0	50	79	70	106	208	128	3	11	11	19	10	65	82	26	17	0	0	10	0
Clostridia_UCG-014	0	0	0	0	0	10	15	90	138	142	2	27	0	9	30	145	0	162	0	0	0	0	0	0	0	0	0	0	0	0	0	0	0	17	52	0	25	46	133	0	0	158	31	0	755	137	383	540	826	138	93	0	6	9	18	28	5	0	0	0	0	0	0	0	0	0	0	0	0	165	37	208	89	58	0	0	0	0	0	0	0	0	452	123	367	399	274	245	0	421	36	0	0	0	0	0	0	0	0	0	0	0	0	0	0	13	11	39	23	0	8	0	0	0	0	6	0	2	10	13	0	0	0	0	0	0	0	0	0	0	0	0	98	53	22	12	235	250	1057	192	1050	313	560	0	0	0	0	0	518	512	596	629	167	646	619	613	1138	0	0	72	10	16	0	0	0	17	23	0	331	0	7	0	0	0	0	315	409	0	0	0	0	0	0	0	0	0	0	0	0	0	0	0	361	511	331	853	699	0	0	0	71	8	31	45	0
Monoglobaceae	12	23	7	61	27	27	65	9	6	13	74	102	63	156	126	37	144	126	7	46	0	0	0	43	0	0	0	0	234	316	68	97	45	104	98	28	319	131	172	19	1447	203	225	20	120	139	143	119	123	25	31	0	30	39	138	41	99	55	110	34	23	63	30	0	0	0	0	0	0	138	71	102	309	158	50	51	195	42	59	23	3	28	263	78	80	43	26	53	76	50	198	33	153	153	53	0	0	0	0	0	63	56	71	39	39	0	0	0	0	48	47	20	17	37	19	34	43	12	12	0	167	89	79	176	88	108	335	13	13	38	0	8	54	205	127	92	201	277	0	5	0	0	0	20	27	91	24	89	20	46	40	28	39	12	31	21	0	4	37	68	97	76	39	35	17	26	21	25	0	73	93	275	244	39	441	61	256	284	22	34	23	141	16	40	16	4	96	8	11	4	0	9	2	0	0	0	6	52	94	0	45	0	2	35	14
Muribaculaceae	0	0	0	296	291	0	0	0	0	0	458	448	77	303	117	0	39	0	0	0	0	0	0	0	0	0	0	0	0	0	0	0	0	0	0	0	0	0	0	0	0	0	0	0	0	0	0	0	0	0	0	42	0	0	0	0	0	0	0	0	0	0	0	0	0	26	0	0	3	0	0	0	0	0	0	0	0	0	0	0	0	0	84	67	43	0	0	0	0	0	0	0	0	0	0	0	0	0	0	0	0	0	0	0	0	0	0	0	0	0	0	0	0	0	0	0	0	0	0	0	0	0	0	0	0	0	0	0	0	0	0	0	0	0	0	0	0	0	0	0	0	0	0	0	0	0	0	0	0	0	0	0	0	18	14	54	0	0	0	0	0	0	0	1927	1162	1485	2376	1311	0	0	0	0	0	0	0	0	0	0	0	1984	142	81	0	0	0	0	0	0	0	0	0	0	0	0	0	0	0	0	0	0	0	0	0	0	0
Butyricicoccaceae	0	0	23	111	25	10	0	0	0	0	48	41	14	32	29	0	97	38	0	24	0	66	59	202	0	0	7	12	158	300	36	381	16	124	73	33	104	112	134	14	62	15	12	39	29	37	26	18	13	29	30	0	0	8	26	0	42	176	175	302	57	141	87	0	0	0	0	0	0	129	91	73	269	155	28	22	71	37	0	26	9	42	0	0	0	31	8	24	19	48	85	21	95	61	25	0	0	0	0	0	20	12	27	14	7	0	0	0	6	19	48	17	0	0	9	12	33	0	0	0	49	27	29	52	21	36	109	0	0	0	0	0	53	90	96	28	79	115	39	18	17	26	14	10	26	40	45	48	57	71	90	52	97	36	59	21	0	7	26	50	51	22	20	13	14	43	13	60	0	38	31	141	253	113	332	10	16	72	0	88	409	31	66	132	31	0	306	19	0	0	22	102	0	0	0	0	42	108	118	17	32	0	15	39	8
Eggerthellaceae	4	36	8	6	21	0	22	65	9	0	48	6	4	1	37	294	322	689	9	55	19	0	60	219	0	40	0	15	149	59	69	100	142	19	45	4	55	195	26	31	132	172	18	25	0	10	9	0	0	6	0	31	0	0	0	0	0	9	8	5	0	0	13	28	5	25	27	10	43	29	12	7	52	14	0	0	0	17	256	1	0	23	129	142	261	5	23	0	11	11	49	24	21	0	27	0	0	0	0	0	0	14	0	5	21	18	7	4	6	32	82	44	43	108	188	16	20	18	43	60	0	0	17	49	11	35	39	23	39	11	0	29	161	35	220	82	108	113	113	68	86	62	93	0	0	18	5	23	13	17	40	30	28	0	23	28	16	43	250	85	70	93	29	0	0	0	0	8	13	22	21	106	106	14	66	80	43	5	0	42	31	178	6	0	0	3	37	11	15	6	27	12	7	12	14	11	18	19	11	0	0	3	0	0	0
Anaerovoracaceae	0	4	0	0	0	0	18	18	30	12	11	0	7	10	38	33	33	84	0	0	0	0	0	105	0	6	0	0	22	18	20	18	5	7	112	0	96	162	84	0	31	40	0	0	14	0	6	0	6	12	4	34	0	5	0	0	2	0	5	0	0	0	17	46	32	30	39	28	92	48	0	8	97	19	0	0	10	0	33	7	13	4	43	0	31	50	49	44	26	264	10	3	0	0	0	35	0	0	10	12	0	0	0	0	0	0	0	16	0	13	0	11	20	52	52	116	92	72	263	238	8	0	53	59	84	35	115	27	29	0	0	15	22	12	35	4	14	0	30	19	48	38	69	0	0	11	0	0	0	15	5	19	44	67	100	97	152	39	59	103	44	87	56	183	38	130	61	241	40	11	0	31	43	0	30	173	108	0	0	6	0	28	0	46	0	3	20	10	0	0	0	6	100	153	220	112	189	0	0	0	202	315	144	130	144
Coriobacteriales_Incertae_Sedis	0	0	14	0	0	4	23	11	16	6	10	9	9	11	22	38	25	60	0	0	0	0	0	12	0	0	0	0	0	0	0	0	0	20	23	0	35	84	98	0	0	57	27	0	5	0	0	6	0	0	0	12	0	0	5	0	0	0	0	0	0	0	0	46	11	11	18	14	22	0	0	0	0	0	0	0	0	0	0	0	0	0	0	0	0	0	0	0	0	0	0	0	0	0	0	0	0	0	0	0	0	0	0	0	0	0	0	0	0	0	0	0	0	0	0	24	12	9	31	0	0	0	0	0	0	0	0	0	0	0	0	0	221	37	169	77	124	205	432	219	482	260	782	0	0	0	0	0	16	19	68	68	23	9	11	0	0	0	0	239	65	176	102	0	0	0	3	0	45	48	29	141	260	70	125	127	129	27	0	4	0	22	0	0	0	0	0	0	0	0	0	0	31	0	7	14	17	0	0	0	122	113	52	65	304
Porphyromonadaceae	0	0	0	0	0	0	0	0	0	5	0	0	0	0	2	11	0	10	0	0	0	0	0	0	0	0	0	0	0	0	5	0	0	0	0	0	0	0	0	0	0	0	0	0	0	0	0	0	0	0	0	0	0	0	0	0	0	0	0	0	0	0	27	0	0	0	0	0	0	0	0	0	0	0	0	0	0	0	0	0	0	0	0	0	0	0	0	0	0	0	0	0	0	0	0	0	0	0	0	0	0	3	0	0	0	679	395	1459	425	0	0	0	0	735	6	0	0	0	0	0	0	0	0	0	0	0	0	0	0	0	0	0	0	0	0	0	0	0	0	0	0	18	278	0	0	0	0	0	0	0	0	0	0	0	0	0	0	0	0	746	100	219	78	9	0	0	0	0	14	0	0	0	0	0	0	8	0	0	0	0	0	35	0	0	0	0	0	0	0	0	0	0	6	18	13	0	0	0	0	0	0	0	0	0	0
Clostridia_vadinBB60_group	0	0	0	11	0	4	7	5	13	25	0	0	0	0	0	23	0	71	0	0	0	0	0	0	0	0	0	0	0	0	0	0	0	0	21	0	5	0	0	0	3	2	2	0	28	20	30	322	253	0	0	4	0	0	0	0	0	0	0	0	0	0	0	12	10	0	0	0	12	0	0	0	0	0	0	0	0	0	0	17	12	0	918	100	88	0	0	0	0	20	0	0	0	0	0	0	0	0	0	0	0	0	0	0	0	137	173	41	38	0	0	0	11	0	0	66	57	443	172	10	0	0	0	0	0	0	0	0	0	0	0	0	4	0	0	0	0	0	57	13	55	25	15	0	0	0	0	0	96	83	12	119	0	12	64	17	25	17	0	33	0	8	35	89	44	68	118	27	108	0	0	0	0	0	0	59	98	0	0	0	0	0	0	0	0	0	0	0	0	0	0	0	65	72	83	23	11	0	0	0	0	0	3	0	0
Pseudomonadaceae	0	0	0	0	0	0	0	0	0	0	0	0	0	0	0	0	0	0	0	0	0	0	0	0	0	0	0	0	0	0	0	0	0	0	0	0	0	0	0	0	0	0	10	0	238	0	6	0	0	2997	0	0	0	44	0	42	36	0	0	0	0	0	0	0	0	0	0	0	0	0	0	0	0	0	0	0	0	0	0	0	16	0	0	0	0	0	3	0	0	0	0	0	0	0	0	0	0	0	28	0	0	0	0	0	0	0	0	0	0	0	0	0	0	0	0	0	0	0	0	0	0	0	0	0	0	0	0	0	0	0	0	0	0	0	0	0	0	0	0	0	3	53	0	0	0	0	0	0	0	0	0	0	0	0	0	0	12	0	0	0	0	0	0	0	0	0	0	0	33	0	0	0	0	0	0	0	0	0	0	0	0	0	0	0	0	0	0	0	0	0	0	0	5	0	9	7	0	0	0	0	0	0	0	0	0
uncultured	0	0	0	0	0	4	0	9	6	5	9	0	4	4	5	0	0	0	0	0	0	0	0	0	0	0	0	0	0	0	0	0	0	19	7	8	21	25	5	0	0	0	0	0	0	0	0	0	0	58	31	0	0	0	0	0	0	41	50	51	34	24	28	0	0	0	0	0	0	0	0	0	0	0	0	0	0	6	42	25	4	6	79	59	89	137	29	71	0	53	18	11	0	70	0	0	0	0	0	0	0	0	0	0	0	0	0	5	0	0	0	0	0	0	0	35	17	0	11	5	0	0	0	0	0	0	0	0	0	0	0	0	0	0	0	0	0	0	129	90	117	70	152	0	0	0	0	0	105	52	58	42	0	41	150	45	96	0	0	3	0	16	12	27	34	84	333	30	31	0	0	0	0	0	0	37	55	0	0	0	0	0	0	0	0	0	0	0	0	0	0	0	0	0	0	0	0	0	0	0	0	0	0	0	0
Peptococcaceae	6	0	0	0	0	17	9	0	0	0	46	41	29	34	111	6	14	9	0	0	0	0	0	0	0	0	0	0	0	0	0	14	0	53	43	0	34	12	2	0	24	0	0	0	16	0	32	19	24	0	0	14	0	0	0	0	0	0	0	0	0	0	0	25	15	5	20	24	53	0	0	0	0	0	0	0	0	23	7	0	0	0	117	30	32	19	33	20	0	18	0	0	0	0	0	0	0	0	0	0	0	0	0	0	0	0	0	10	0	6	0	0	0	0	0	9	0	10	12	7	0	0	0	0	3	0	0	0	0	0	0	0	25	38	57	45	28	17	113	27	68	18	68	0	0	0	0	0	77	74	49	81	76	22	54	22	10	0	9	0	0	0	68	60	22	75	30	42	41	0	0	0	0	0	0	60	42	0	0	6	0	0	0	0	0	0	0	0	0	0	0	0	0	0	0	0	0	14	0	0	19	0	0	6	8
Pasteurellaceae	0	0	0	0	0	0	0	0	0	0	3	0	0	0	0	2	6	0	0	6	0	0	0	0	0	0	0	0	39	162	0	195	51	0	0	0	0	0	0	0	0	0	0	0	0	0	0	0	0	0	0	0	0	0	0	0	0	0	0	0	0	0	0	0	0	0	0	0	0	0	0	0	0	0	0	0	10	0	0	0	0	0	0	0	0	0	0	0	0	0	124	25	120	102	28	0	0	68	39	0	0	0	0	0	0	0	0	0	0	0	0	0	0	0	0	0	0	0	0	0	6	0	0	20	0	0	173	0	0	0	0	0	0	46	0	4	454	304	0	0	0	0	0	20	0	0	0	0	0	0	0	0	5	0	0	0	0	0	0	0	0	0	0	0	0	0	0	0	0	70	16	0	29	15	0	0	0	0	0	0	0	0	166	8	8	0	14	0	0	0	0	0	0	0	0	0	0	39	43	0	0	0	0	0	0
UCG-010	0	0	0	0	0	8	6	15	0	0	0	0	0	0	0	124	67	204	0	0	0	0	0	0	0	0	0	0	0	0	0	0	0	0	5	0	0	0	22	0	9	3	0	0	25	0	0	144	154	0	0	0	0	0	0	0	0	0	0	0	0	0	0	7	0	0	0	0	11	0	0	0	0	0	0	0	0	0	0	0	0	0	467	129	188	0	0	0	0	0	0	0	0	0	0	0	0	0	0	0	0	0	0	0	0	0	0	8	0	0	0	0	8	0	0	9	0	17	5	0	0	0	0	0	0	0	0	0	0	0	0	0	0	0	0	0	0	0	49	48	64	48	69	0	0	0	0	0	29	10	14	28	43	0	33	0	0	0	0	8	0	0	0	41	0	30	7	22	54	0	0	0	0	0	0	34	36	0	0	0	0	0	0	0	0	0	0	0	0	0	0	0	0	18	19	10	16	0	0	0	0	0	0	0	0
Morganellaceae	0	0	0	0	0	0	0	0	0	0	0	0	0	0	0	0	0	0	0	0	0	0	0	0	0	0	0	0	0	0	0	0	0	0	0	0	0	0	0	24	0	0	0	0	0	0	0	0	0	0	0	0	0	0	0	0	0	0	0	0	0	0	0	0	0	0	0	0	0	0	0	0	0	0	0	0	0	0	0	0	0	0	0	0	0	0	0	0	0	0	0	0	0	0	0	535	112	478	329	409	0	0	0	0	0	0	0	0	14	0	0	0	0	0	0	0	0	0	0	0	181	0	0	0	0	0	0	0	0	0	0	0	0	0	0	0	0	0	0	0	0	0	0	0	0	0	0	0	0	0	0	0	0	0	0	0	0	0	0	0	0	0	0	0	0	0	0	0	0	0	0	0	0	0	0	0	0	0	0	0	9	0	0	0	0	0	0	5	4	0	62	3	0	0	0	0	0	0	0	0	0	0	0	0	0
Gastranaerophilales	0	0	0	0	0	0	0	0	0	0	0	0	0	0	0	0	0	0	0	17	0	0	0	0	0	0	0	0	0	0	0	0	0	40	0	0	0	0	0	0	0	0	0	0	10	20	204	30	39	190	141	0	10	25	22	37	0	0	0	0	0	0	0	0	0	0	0	0	0	0	0	0	0	0	0	0	0	0	0	0	0	0	85	14	15	0	11	115	0	0	11	0	0	0	0	0	0	0	0	0	0	0	0	0	0	19	11	0	0	0	0	0	0	0	0	0	0	0	0	0	0	0	0	0	0	0	0	0	0	0	0	0	0	0	0	0	0	0	0	0	0	0	0	7	0	0	0	0	56	59	102	0	0	33	51	134	18	4	0	0	10	0	120	0	11	13	156	0	0	0	0	0	0	0	0	4	20	0	0	0	25	0	0	0	0	0	0	0	0	0	0	0	0	0	0	0	0	0	0	0	0	0	0	0	0
Victivallaceae	0	0	0	0	0	0	0	0	0	0	0	0	0	0	0	0	0	0	0	0	0	0	0	0	0	0	0	0	0	0	0	0	0	0	0	0	0	0	0	0	0	0	0	0	0	0	13	0	0	0	0	0	0	0	0	0	0	0	0	0	0	0	0	0	0	0	0	0	0	0	0	0	0	0	0	0	0	0	0	0	0	0	38	0	11	0	0	0	0	0	0	0	0	0	0	0	0	0	0	0	0	0	0	0	0	182	180	25	49	0	0	0	0	0	0	0	0	0	0	0	0	0	0	0	0	0	0	0	0	0	0	0	0	0	0	0	0	0	0	0	10	0	4	0	0	0	0	0	20	36	31	35	0	26	69	34	100	0	0	0	0	0	0	0	34	0	95	0	10	0	0	0	0	0	0	0	0	0	0	0	0	0	0	0	0	0	0	0	0	0	0	0	98	99	144	37	44	0	0	0	0	0	0	0	0
RF39	0	0	0	0	0	20	36	0	162	39	0	0	0	0	0	186	92	30	0	0	0	0	0	0	0	0	0	0	0	0	0	0	0	0	0	0	0	0	0	0	0	0	0	0	29	7	14	13	25	0	0	0	0	0	0	0	0	0	0	0	0	0	0	0	0	0	0	0	0	0	0	0	0	0	0	0	0	0	0	0	0	0	48	60	113	0	0	0	0	0	0	0	0	0	0	0	0	0	0	0	0	0	0	0	0	0	0	11	5	0	0	0	0	0	0	0	0	0	0	0	0	0	0	0	0	0	0	0	0	0	0	0	0	0	0	0	0	0	0	0	0	0	0	0	0	0	0	0	27	8	46	14	75	0	0	0	0	0	0	0	0	0	0	0	0	0	0	0	23	0	0	0	0	0	0	0	0	0	0	0	0	0	0	0	0	0	0	0	0	0	0	0	72	46	19	46	30	0	0	0	0	0	0	0	0
Actinomycetaceae	0	3	0	0	0	0	0	0	0	0	0	9	0	0	0	24	0	13	0	0	0	0	40	0	0	0	27	0	0	0	0	11	0	0	0	0	0	0	0	0	0	0	0	0	0	0	0	0	0	0	0	0	0	0	0	0	0	0	0	0	0	0	0	0	0	0	0	0	0	11	0	5	13	5	0	0	0	0	0	0	0	0	0	0	0	0	0	0	0	5	0	0	0	0	0	286	27	36	28	179	0	0	0	0	0	0	0	46	0	0	0	0	0	0	0	0	0	0	0	0	20	0	0	15	8	9	21	11	0	0	0	0	0	0	0	0	0	9	0	0	0	0	0	0	0	0	0	0	0	0	0	0	5	0	0	0	2	5	36	0	0	0	0	0	0	0	0	0	0	2	12	15	16	11	0	0	0	0	0	3	0	0	0	0	0	0	56	0	0	0	0	3	16	14	34	20	20	0	0	0	0	0	0	0	0
Izemoplasmatales	0	0	0	0	0	49	0	5	7	24	0	0	0	0	0	29	5	43	0	0	0	0	0	0	0	0	0	0	0	0	0	0	0	0	0	0	0	0	7	0	0	0	0	0	0	0	0	5	7	0	0	0	0	0	0	0	0	0	0	0	0	0	0	0	0	0	0	0	0	0	0	0	0	0	0	0	0	0	0	0	0	0	96	15	37	0	0	0	0	0	0	0	0	0	0	0	0	0	0	0	0	0	0	0	0	104	35	8	14	0	0	0	0	0	0	0	0	0	0	0	0	0	0	0	0	0	0	0	0	0	0	0	0	0	0	0	0	0	0	0	12	0	0	0	0	0	0	0	0	0	0	0	0	0	119	42	0	0	0	0	0	0	0	0	0	0	0	0	62	0	0	0	0	0	0	0	0	0	0	0	0	0	0	0	0	0	0	0	0	0	0	0	84	86	118	44	26	0	0	0	0	0	0	0	0
Hungateiclostridiaceae	0	0	0	0	0	0	0	10	12	11	0	0	0	0	0	12	0	32	0	0	0	0	0	0	0	0	0	0	0	0	0	0	0	0	0	0	0	0	26	0	46	0	6	0	8	0	0	13	5	8	3	18	0	0	0	0	0	0	0	0	0	0	0	14	8	7	13	11	20	0	0	0	0	0	0	12	0	0	0	0	0	0	0	0	0	0	0	0	4	0	0	0	0	0	0	0	0	0	0	0	0	0	0	0	0	10	0	12	0	0	0	0	11	10	0	5	0	12	0	0	0	0	0	0	0	0	0	0	0	0	0	0	0	0	0	0	0	0	0	0	0	0	0	0	0	0	0	0	0	0	10	15	14	0	0	6	8	0	0	8	5	0	19	0	0	0	0	0	40	0	0	0	0	0	0	29	24	0	0	0	0	0	0	0	0	0	0	0	0	0	0	0	12	11	25	8	6	0	0	0	0	0	0	0	0
Enterococcaceae	0	0	0	0	0	0	0	0	0	0	0	0	0	0	0	0	0	0	0	0	0	0	8	0	0	0	0	0	0	0	0	0	0	0	0	0	0	0	0	0	0	0	0	0	0	0	0	0	0	0	0	0	0	0	0	0	0	0	0	0	0	0	0	0	0	0	0	0	0	0	0	0	0	0	0	3	6	0	0	0	0	0	0	0	0	0	0	0	0	0	0	0	0	0	0	326	57	54	36	42	0	0	0	0	0	0	0	0	0	0	0	0	0	0	0	0	0	0	0	0	0	0	0	0	0	0	0	0	0	0	0	0	0	0	0	0	0	0	0	0	0	0	0	0	0	0	0	0	0	0	0	0	0	0	0	0	0	0	0	0	0	0	0	0	0	0	0	0	0	0	0	0	20	0	0	0	0	0	0	0	0	0	0	0	0	0	0	0	17	0	0	0	0	0	0	0	0	0	0	0	0	8	0	0	11
Atopobiaceae	0	0	0	0	0	0	0	0	0	0	0	0	0	0	0	92	91	165	0	0	0	0	0	0	0	0	0	0	0	0	0	0	4	0	0	0	0	0	0	0	0	0	0	0	0	0	0	0	0	0	0	0	0	0	0	0	0	0	0	0	0	0	0	13	0	5	0	0	11	0	0	0	0	0	0	0	0	0	0	0	0	0	0	0	0	0	0	0	0	0	0	0	0	0	0	59	0	14	5	45	0	0	0	0	0	5	0	0	0	0	0	0	0	0	0	0	0	0	0	10	0	0	0	0	0	0	0	0	0	0	0	0	0	0	0	0	0	0	0	0	0	0	0	0	0	0	0	0	0	0	0	0	0	0	0	0	0	0	0	0	0	0	0	11	0	13	16	13	0	0	0	0	0	0	0	0	0	0	0	0	0	0	0	0	0	0	0	0	0	0	0	0	0	0	0	0	0	0	0	0	0	0	0	0	0
Oscillospirales	0	0	0	0	0	0	0	0	0	0	0	0	0	0	0	0	0	11	0	0	0	0	0	0	0	0	0	0	0	0	0	0	0	0	0	0	0	0	0	0	0	0	0	0	0	0	0	0	0	0	0	0	0	0	0	0	0	0	0	0	0	0	0	0	0	0	0	0	0	0	0	0	0	0	0	0	0	0	0	0	0	0	71	74	38	0	0	0	0	0	0	0	0	0	0	0	0	0	0	0	0	0	0	0	0	12	12	0	3	0	0	0	0	0	0	0	0	41	29	0	0	0	0	0	0	0	0	0	0	0	0	0	0	0	0	0	0	0	0	0	0	9	0	0	0	0	0	0	8	0	0	0	0	0	8	0	13	0	0	0	0	0	0	5	0	8	6	0	0	0	0	0	0	0	0	46	80	0	0	0	0	0	0	0	0	0	0	0	0	0	0	0	5	20	38	15	19	0	0	0	0	0	0	0	0
Puniceicoccaceae	0	0	0	0	0	0	0	0	0	0	0	0	0	0	0	0	0	0	0	0	0	0	0	0	0	0	0	0	0	0	0	0	0	0	0	0	0	0	0	0	0	0	0	0	0	0	0	0	0	0	0	0	0	0	0	0	0	0	0	0	0	0	0	0	0	0	0	0	0	0	0	0	0	0	0	0	0	0	0	0	0	0	0	0	0	0	0	0	0	0	0	0	0	0	0	0	0	0	0	0	0	0	0	0	0	48	42	42	27	0	0	0	0	0	0	0	0	0	0	0	0	0	0	0	0	0	0	0	0	0	0	0	0	0	0	0	0	0	14	0	0	0	0	0	0	0	0	0	0	0	0	0	0	0	0	0	0	0	0	0	0	0	0	0	0	0	0	0	0	0	0	0	0	0	0	40	25	0	0	0	0	0	0	0	0	0	0	0	0	0	0	0	44	82	85	25	61	0	0	0	0	0	0	0	0
Selenomonadaceae	0	0	0	0	0	0	0	0	0	0	0	0	0	0	0	0	0	0	0	0	0	0	0	0	5	0	11	0	0	0	0	0	0	0	0	0	0	0	0	0	0	0	0	0	0	0	0	0	0	0	0	0	0	0	0	0	0	0	0	0	0	0	0	0	0	0	0	0	0	0	0	0	0	0	0	0	0	0	0	0	0	0	0	0	0	0	0	0	0	0	0	0	0	0	0	0	0	0	58	119	0	0	0	0	0	0	0	0	0	0	0	0	0	0	0	0	0	0	0	0	0	0	0	0	0	0	0	0	0	0	0	0	0	0	0	0	0	0	0	0	0	0	0	0	0	4	7	5	64	29	115	39	8	0	0	0	0	0	0	0	0	0	0	0	0	0	0	0	0	0	0	0	0	0	0	0	0	0	0	0	0	0	0	0	0	0	0	0	0	0	0	0	0	0	0	0	0	0	0	0	0	0	0	0	0
Succinivibrionaceae	0	0	0	0	0	0	0	0	0	0	0	0	0	0	0	0	0	0	0	0	0	0	0	0	0	0	0	0	0	0	0	0	0	0	0	0	0	0	0	0	0	0	0	0	0	0	0	0	0	0	0	0	0	0	0	0	0	0	0	0	0	0	0	0	0	0	0	0	0	0	0	0	0	0	0	0	0	0	0	0	0	0	0	0	0	0	0	0	0	0	0	0	0	0	0	0	0	0	0	0	0	0	0	0	0	0	0	0	0	0	0	0	0	0	0	0	0	0	0	0	0	0	0	0	0	0	0	0	0	0	0	0	0	0	0	0	0	0	0	0	0	0	0	0	0	0	0	0	8	12	7	4	0	3	57	10	0	0	0	0	0	0	0	25	65	63	165	31	0	0	0	0	0	0	0	0	0	0	0	0	0	0	0	0	0	0	0	0	0	0	0	0	0	0	0	0	0	0	0	0	0	0	0	0	0
Carnobacteriaceae	0	0	0	0	0	0	0	0	0	0	0	0	0	0	0	0	0	0	0	0	0	0	0	0	8	0	0	0	0	0	0	24	0	0	0	0	0	0	0	0	0	0	0	0	0	0	0	0	0	0	0	0	0	0	0	0	0	0	0	0	0	0	0	0	0	0	0	0	0	9	0	0	0	0	0	0	0	0	0	0	0	0	0	0	0	0	0	0	0	0	0	0	0	0	0	195	0	49	22	56	0	0	0	0	0	0	0	0	0	0	0	0	0	0	0	0	0	0	0	0	0	0	0	0	0	0	30	0	0	0	0	0	0	0	0	0	0	10	0	0	0	0	0	0	0	0	0	13	0	0	0	0	0	0	0	0	0	0	0	0	0	0	0	0	0	0	0	0	0	0	0	11	0	0	0	0	4	0	0	0	7	0	0	0	0	0	7	0	0	0	0	0	0	0	0	0	0	0	0	0	0	0	0	0	0
Eubacteriaceae	0	0	0	0	0	0	3	0	0	0	0	0	0	0	0	0	0	0	0	0	0	0	0	0	0	0	0	0	0	0	0	0	0	0	0	0	0	0	0	0	0	0	0	0	0	0	0	0	0	0	0	11	0	0	0	0	0	0	0	0	0	0	0	0	8	8	5	15	31	0	0	0	0	0	0	0	0	0	12	0	6	0	0	0	0	0	0	0	0	0	0	0	0	0	0	0	0	0	0	0	0	0	0	0	3	10	5	19	14	0	0	0	0	0	0	0	0	0	14	15	0	0	0	0	0	0	0	0	0	0	0	0	0	0	0	0	0	0	12	6	14	5	13	0	0	0	0	0	0	0	0	0	0	0	0	0	0	0	24	0	0	0	0	9	0	11	0	0	0	0	0	0	0	0	0	50	10	0	0	0	0	0	0	0	0	0	0	0	0	0	0	0	5	0	12	4	4	0	0	0	0	0	0	0	0
Synergistaceae	0	0	0	0	0	0	0	0	0	0	0	0	0	0	0	0	0	0	0	0	0	0	0	0	0	0	0	0	0	0	0	0	0	0	0	0	0	0	0	0	0	0	0	0	0	0	0	0	0	0	0	0	0	0	0	0	0	0	0	0	0	0	0	0	0	0	0	0	6	0	0	0	0	0	0	0	0	0	0	0	0	0	0	0	0	0	0	0	0	0	0	0	0	0	0	0	0	0	0	0	0	0	0	0	0	5	3	13	6	0	0	0	0	0	0	0	0	0	0	0	0	0	0	0	0	0	0	0	0	0	0	0	0	0	0	0	0	0	24	21	30	23	52	0	0	0	0	0	0	0	0	0	0	0	0	0	0	0	0	0	0	0	0	10	0	13	0	0	0	0	0	0	0	0	0	0	0	0	0	0	0	0	0	0	0	0	0	0	0	0	0	0	0	11	8	24	18	0	0	0	0	0	0	0	0
Micrococcaceae	0	0	10	0	0	0	0	0	0	0	0	2	0	0	0	0	0	0	0	0	0	0	0	0	18	0	0	3	0	0	0	0	0	0	0	0	0	0	0	0	0	0	0	0	0	0	0	0	0	0	0	0	0	0	0	0	0	0	0	0	0	0	0	0	0	0	0	0	0	0	0	0	0	0	0	0	0	0	0	0	0	0	0	0	0	0	0	0	0	0	5	0	12	0	0	104	0	14	11	0	0	0	0	0	0	0	0	0	0	0	0	0	0	0	0	0	0	0	0	0	6	0	0	0	0	0	0	0	0	0	0	0	0	0	0	0	0	0	0	0	0	0	0	0	3	0	19	8	0	0	0	0	0	0	0	0	0	0	0	0	0	0	0	0	0	0	0	0	0	0	0	0	0	0	0	0	0	0	0	0	0	0	9	15	3	0	12	0	0	0	0	0	0	0	0	0	0	0	0	0	0	0	0	0	0
Family_XI	0	0	2	0	0	0	0	0	0	0	0	0	0	0	0	0	0	0	0	0	0	0	0	0	0	0	0	0	0	0	0	0	0	0	0	0	0	0	0	0	0	0	0	0	0	0	0	0	0	0	0	0	0	0	0	0	0	0	0	0	0	0	0	0	0	0	0	0	0	0	0	0	0	0	0	0	0	0	0	0	0	0	0	0	0	0	0	0	0	0	0	0	0	0	0	0	0	0	0	0	0	0	0	0	0	0	0	117	0	0	0	0	0	77	0	0	0	0	0	0	0	0	0	0	0	0	0	0	0	0	0	0	0	0	0	0	0	0	0	0	0	0	0	0	0	0	0	0	0	0	0	0	0	0	0	0	10	0	0	12	0	0	0	0	0	0	0	0	0	0	0	0	0	0	0	0	0	0	0	0	0	0	0	0	0	0	0	0	0	0	0	0	0	0	0	0	0	0	0	0	0	0	0	0	0
Oxalobacteraceae	0	0	0	0	0	0	3	7	0	0	0	0	0	0	0	0	0	7	0	0	0	0	0	0	0	0	0	0	0	0	0	0	0	0	0	0	0	0	0	0	0	0	0	0	23	0	8	10	11	0	0	0	0	0	0	0	0	0	0	0	0	0	0	0	0	0	0	0	0	0	0	0	0	0	0	0	0	10	32	31	0	13	0	0	0	0	0	0	0	0	0	0	0	0	0	0	0	0	0	0	0	0	0	0	0	0	0	0	0	0	0	0	0	0	0	0	0	0	0	0	0	0	0	0	0	0	0	0	0	0	0	0	0	0	0	0	0	0	0	0	0	0	0	0	0	0	0	0	0	0	3	0	0	0	0	0	0	22	0	0	0	0	0	0	0	12	7	5	0	0	0	0	0	0	0	0	0	0	0	7	0	0	0	0	0	0	0	0	0	0	0	0	0	0	0	0	0	0	0	0	0	0	0	0	0
DTU014	0	0	0	0	0	11	0	21	18	18	0	0	0	0	0	0	0	0	0	0	0	0	0	0	0	0	0	0	0	0	0	0	0	0	0	0	0	0	0	0	0	0	0	0	8	0	0	0	11	0	0	0	0	0	0	0	0	0	0	0	0	0	0	0	0	0	0	0	0	0	0	0	0	0	0	0	0	0	0	0	0	0	23	0	0	0	5	4	0	6	0	0	0	0	0	0	0	0	0	0	0	0	0	0	0	0	0	0	0	0	0	0	0	0	0	0	0	0	0	0	0	0	0	0	0	0	0	0	0	0	0	0	0	0	0	0	0	0	0	0	0	0	0	0	0	0	0	0	0	0	0	0	0	0	0	0	5	0	0	10	0	15	0	0	0	0	0	0	13	0	0	0	0	0	0	0	20	0	0	0	0	0	0	0	0	0	0	0	0	0	0	0	9	5	0	0	8	0	0	0	0	0	0	0	0
[Clostridium]_methylpentosum_group	0	0	0	0	0	0	0	0	0	0	0	0	0	0	0	0	0	0	0	0	0	0	0	0	0	0	0	0	29	9	0	3	10	0	0	0	0	0	7	0	0	0	4	0	0	0	0	0	0	0	0	0	0	0	0	0	0	0	0	0	0	0	0	0	0	0	0	0	0	0	0	0	0	0	0	0	0	0	0	0	0	0	8	0	0	0	0	0	0	0	0	0	0	0	0	0	0	0	0	0	0	0	0	0	0	0	0	0	0	0	0	0	0	0	0	0	0	0	0	0	0	0	0	0	0	0	0	0	0	0	0	0	31	14	30	19	0	0	0	0	0	0	0	0	0	0	0	0	0	0	0	0	0	0	0	0	0	0	0	0	0	0	0	0	0	0	0	0	38	0	0	0	0	0	0	0	0	0	0	0	0	0	0	0	0	0	0	0	0	0	0	0	0	0	0	0	0	0	0	0	0	0	0	0	0
Defluviitaleaceae	0	0	0	0	0	0	0	0	0	4	0	0	0	0	0	0	0	0	0	0	0	0	0	0	0	0	0	0	0	0	0	0	0	0	0	0	0	0	0	0	0	0	0	0	0	0	0	5	0	3	0	0	0	0	0	0	0	0	0	0	0	0	0	0	0	0	0	0	0	0	0	0	0	0	0	0	0	0	0	0	0	0	28	0	0	0	0	0	0	0	0	0	0	0	0	0	0	0	0	0	0	0	0	0	0	0	0	0	0	0	0	0	0	0	0	0	0	0	0	0	0	0	0	0	10	19	6	0	0	0	0	0	17	8	13	7	6	0	0	0	0	0	0	0	0	0	0	0	0	0	0	0	0	0	0	0	0	0	0	9	0	0	0	0	0	0	0	0	0	0	0	0	0	0	0	24	6	0	0	0	0	0	0	0	0	0	0	0	0	0	0	0	0	0	0	0	0	0	0	0	0	0	7	7	9
Anaerofustaceae	0	0	0	0	0	0	0	2	0	0	0	0	0	0	0	0	0	0	0	0	0	0	0	0	0	0	0	0	0	0	0	0	0	0	0	0	0	6	9	0	0	6	0	0	0	0	0	0	0	0	0	0	0	0	0	0	0	0	0	0	0	0	0	0	0	0	0	0	0	10	0	0	0	0	0	0	0	0	0	4	0	0	14	6	12	5	0	0	0	0	0	0	0	0	0	0	0	0	0	0	0	0	0	0	0	0	0	0	0	0	0	0	0	0	3	0	0	0	0	0	0	0	0	0	0	0	3	0	0	0	0	0	0	0	0	0	0	0	0	0	0	0	0	0	0	0	0	0	0	0	0	0	0	0	0	0	0	0	5	4	5	9	6	0	0	0	0	0	8	0	0	0	0	0	0	0	0	0	0	0	0	0	0	0	0	0	0	0	0	0	0	0	0	0	0	0	0	0	0	0	0	0	0	0	0
Staphylococcaceae	0	0	0	0	0	0	0	0	0	0	0	0	0	0	0	0	0	0	0	0	0	0	0	0	16	0	0	0	0	0	0	0	0	0	0	0	0	0	0	0	0	0	0	0	0	0	0	0	0	0	0	0	0	0	0	0	0	0	0	0	0	0	0	0	0	0	0	0	0	0	0	0	0	0	0	0	0	0	0	0	0	0	0	0	0	0	0	0	0	0	0	0	0	0	0	0	0	0	0	0	0	0	0	0	0	0	0	0	0	0	0	0	0	0	0	0	0	0	0	0	0	0	0	0	0	0	0	0	0	0	0	0	0	0	0	0	0	0	0	0	0	0	0	0	0	0	0	0	0	0	0	0	0	0	0	0	0	0	0	0	0	0	0	0	0	0	0	0	0	0	0	0	0	0	0	0	0	0	0	0	0	0	23	50	0	19	0	0	0	0	0	0	0	0	0	0	0	0	0	0	0	0	0	0	0
Campylobacteraceae	0	0	0	0	0	0	0	0	0	0	0	0	0	0	0	0	0	0	0	0	0	0	0	0	0	0	0	0	0	0	7	13	7	0	0	0	0	0	0	0	0	0	0	0	0	0	0	0	0	0	0	0	0	0	0	0	0	0	0	0	0	0	0	0	0	0	0	0	0	0	0	0	0	0	0	0	0	0	0	0	0	0	0	0	0	0	0	0	0	0	0	0	0	0	0	0	0	0	11	0	0	0	0	0	0	0	0	0	0	0	0	0	0	14	0	0	0	0	0	0	0	0	0	0	0	0	0	0	0	0	0	0	0	0	0	0	0	0	0	0	0	0	0	0	0	0	0	0	0	0	0	0	0	0	0	0	0	0	0	24	0	0	0	0	0	0	0	0	0	0	0	0	0	0	0	0	0	0	0	0	0	0	0	0	0	0	0	0	0	0	0	0	0	0	0	0	0	0	0	0	0	0	0	0	0
Corynebacteriaceae	0	0	0	0	0	0	0	0	0	0	0	0	0	0	0	0	0	0	0	0	0	0	0	0	0	0	0	0	0	0	0	0	0	0	0	0	0	0	0	0	0	0	0	0	0	0	0	0	0	0	0	0	0	0	0	0	0	0	0	0	0	0	0	0	0	0	0	0	0	0	0	0	0	0	0	0	0	0	0	0	0	0	0	0	0	0	0	0	0	0	0	0	0	0	0	0	0	0	0	0	0	0	0	0	0	0	0	0	0	0	0	0	0	0	0	0	0	0	0	0	0	0	0	0	0	0	0	0	0	0	0	0	0	0	0	0	0	0	0	0	0	0	0	0	0	0	0	0	0	0	0	0	0	0	0	0	0	0	0	0	0	0	0	0	0	0	0	0	0	0	0	0	0	0	0	0	0	0	0	0	0	0	0	0	0	0	0	0	0	0	0	0	5	13	13	17	24	0	0	0	0	0	0	0	0
Syntrophomonadaceae	0	0	0	0	0	0	0	0	0	0	0	0	0	0	0	0	0	0	0	0	0	0	0	0	0	0	0	0	0	0	0	0	0	0	0	0	0	0	0	0	0	0	0	0	0	0	0	0	0	0	0	0	0	0	0	0	0	0	0	0	0	0	0	0	0	0	0	0	0	0	0	0	0	0	0	0	0	0	0	0	0	0	0	0	0	0	0	0	0	0	0	0	0	0	0	0	0	0	0	0	0	0	0	0	0	0	0	0	0	0	0	0	0	0	0	0	0	0	0	0	0	0	0	0	0	0	0	0	0	0	0	0	0	0	0	0	0	0	0	0	0	0	0	0	0	0	0	0	0	0	0	0	0	0	0	0	0	0	0	0	0	0	0	0	0	0	0	0	0	0	0	0	0	0	0	0	0	0	0	0	0	0	0	0	0	0	0	0	0	0	0	0	0	14	0	18	12	0	0	0	0	0	0	0	0
Gemellaceae	0	0	0	0	0	0	0	0	0	0	0	0	0	0	0	0	0	0	0	0	0	0	0	0	0	0	0	0	0	0	0	0	0	0	0	0	0	0	0	0	0	0	0	0	0	0	0	0	0	0	0	0	0	0	0	0	0	0	0	0	0	0	0	0	0	0	0	0	0	0	0	0	0	0	0	0	0	0	0	0	0	0	0	0	0	0	0	0	0	0	0	0	0	0	0	37	0	0	0	0	0	0	0	0	0	0	0	0	0	0	0	0	0	0	0	0	0	0	0	0	0	0	0	0	0	0	0	0	0	0	0	0	0	0	0	0	0	0	0	0	0	0	0	0	0	0	0	0	0	0	0	0	0	0	0	0	0	0	0	0	0	0	0	0	0	0	0	0	0	0	0	0	0	0	0	0	0	0	0	0	0	0	0	0	0	0	0	0	0	0	0	0	0	0	0	0	0	0	0	0	0	0	0	0	0
Sedimentibacteraceae	0	0	0	0	0	0	0	0	0	0	0	0	0	0	0	0	0	0	0	0	0	0	0	0	0	0	0	0	0	0	0	0	0	0	0	0	0	0	0	0	0	0	0	0	0	0	0	0	0	0	0	0	0	0	0	0	0	0	0	0	0	0	0	0	0	0	0	0	0	0	0	0	0	0	0	0	0	0	0	0	0	0	0	0	0	0	0	0	0	0	0	0	0	0	0	0	0	0	0	0	0	0	0	0	0	0	0	0	0	0	0	0	0	0	0	0	0	0	0	0	0	0	0	0	0	0	0	0	0	0	0	0	0	0	0	0	0	0	0	0	0	0	0	0	0	0	0	0	0	0	0	0	0	0	0	0	0	0	0	0	0	0	0	0	0	0	0	0	13	0	0	0	0	0	0	0	0	0	0	0	0	0	0	0	0	0	0	0	0	0	0	0	0	0	0	0	0	0	0	0	0	0	0	0	0
