"feature"	"metadata"	"value"	"name"	"coef"	"null_hypothesis"	"stderr"	"pval_individual"	"qval_individual"	"pval_joint"	"qval_joint"	"error"	"model"	"N"	"N_not_zero"
"DTDPRHAMSYN-PWY: dTDP-&beta;-L-rhamnose biosynthesis"	"Age"	"Age"	"Age"	-0.127390235214719	0.115099219485005	0.0417536200399202	1.04484276590711e-05	0.0107669918686937	1.04484276590711e-05	0.00690743939883887	NA	"abundance"	46	46
"PWY-6123: inosine-5'-phosphate biosynthesis I"	"Age"	"Age"	"Age"	-0.142492954546306	0.115099219485005	0.0460886950558371	1.32516822999307e-05	0.0107669918686937	1.32516822999307e-05	0.00690743939883887	NA	"abundance"	46	46
"PWY-6124: inosine-5'-phosphate biosynthesis II"	"Age"	"Age"	"Age"	-0.153096885537564	0.115099219485005	0.0478749670220595	1.11750224368601e-05	0.0107669918686937	1.11750224368601e-05	0.00690743939883887	NA	"abundance"	46	46
"UNINTEGRATED"	"Age"	"Age"	"Age"	-0.00364993989414628	0.115099219485005	0.00150437281130184	1.26404230282873e-05	0.0107669918686937	1.26404230282873e-05	0.00690743939883887	NA	"abundance"	46	46
"HISTSYN-PWY: L-histidine biosynthesis"	"Age"	"Age"	"Age"	-0.121972759160755	0.115099219485005	0.0502407186264913	0.000125095887263171	0.073658566846743	0.000125095887263171	0.0472548036539874	NA	"abundance"	46	46
"NONMEVIPP-PWY: methylerythritol phosphate pathway I"	"Age"	"Age"	"Age"	-0.0764185958098875	0.115099219485005	0.0414603383508521	0.000249305918558207	0.073658566846743	0.000249305918558207	0.0472548036539874	NA	"abundance"	46	46
"PWY-3841: folate transformations II (plants)"	"Age"	"Age"	"Age"	-0.0900842524112732	0.115099219485005	0.042996337983665	0.000159123384025017	0.073658566846743	0.000159123384025017	0.0472548036539874	NA	"abundance"	46	46
"PWY-5686: UMP biosynthesis I"	"Age"	"Age"	"Age"	-0.0978068016621264	0.115099219485005	0.0465865912582212	0.000227678432850542	0.073658566846743	0.000227678432850542	0.0472548036539874	NA	"abundance"	46	46
"PWY-7221: guanosine ribonucleotides de novo biosynthesis"	"Age"	"Age"	"Age"	-0.0781929536383932	0.115099219485005	0.0414960729961265	0.000238233122677789	0.073658566846743	0.000238233122677789	0.0472548036539874	NA	"abundance"	46	46
"PWY-7790: UMP biosynthesis II"	"Age"	"Age"	"Age"	-0.0989055989101905	0.115099219485005	0.0469046596234592	0.000212018208282094	0.073658566846743	0.000212018208282094	0.0472548036539874	NA	"abundance"	46	46
"PWY-7791: UMP biosynthesis III"	"Age"	"Age"	"Age"	-0.0989055989101905	0.115099219485005	0.0469046596234592	0.000201022482906321	0.073658566846743	0.000201022482906321	0.0472548036539874	NA	"abundance"	46	46
"COA-PWY-1: superpathway of coenzyme A biosynthesis III (mammals)"	"Age"	"Age"	"Age"	-0.0881636740768073	0.115099219485005	0.0463943555704022	0.000370720340691744	0.0988312989621913	0.000370720340691744	0.0634040794880519	NA	"abundance"	46	46
"PWY-6121: 5-aminoimidazole ribonucleotide biosynthesis I"	"Age"	"Age"	"Age"	-0.0574084967237225	0.115099219485005	0.0381907071032586	0.000420860521638033	0.0988312989621913	0.000420860521638033	0.0634040794880519	NA	"abundance"	46	46
"PWY-6163: chorismate biosynthesis from 3-dehydroquinate"	"Age"	"Age"	"Age"	-0.0572563635757571	0.115099219485005	0.0381132675794855	0.000448191270975062	0.0988312989621913	0.000448191270975062	0.0634040794880519	NA	"abundance"	46	46
"PWY-6386: UDP-N-acetylmuramoyl-pentapeptide biosynthesis II (lysine-containing)"	"Age"	"Age"	"Age"	-0.0572526209736295	0.115099219485005	0.0382181215862298	0.000456144456748575	0.0988312989621913	0.000456144456748575	0.0634040794880519	NA	"abundance"	46	46
"1CMET2-PWY: folate transformations III (E. coli)"	"Age"	"Age"	"Age"	-0.0521806822684291	0.115099219485005	0.0386039719189264	0.000647321223069763	0.0988424921040689	0.000647321223069763	0.0634112603190719	NA	"abundance"	46	46
"COA-PWY: coenzyme A biosynthesis I (prokaryotic)"	"Age"	"Age"	"Age"	-0.0662573410868596	0.115099219485005	0.0417799774127598	0.000529923549908773	0.0988424921040689	0.000529923549908773	0.0634112603190719	NA	"abundance"	46	46
"PWY-5695: inosine 5'-phosphate degradation"	"Age"	"Age"	"Age"	-0.0177149444180219	0.115099219485005	0.0253704591622275	0.000486911298869686	0.0988424921040689	0.000486911298869686	0.0634112603190719	NA	"abundance"	46	46
"PWY-6385: peptidoglycan biosynthesis III (mycobacteria)"	"Age"	"Age"	"Age"	-0.0404470741806553	0.115099219485005	0.0347286163889054	0.000669087638858312	0.0988424921040689	0.000669087638858312	0.0634112603190719	NA	"abundance"	46	46
"PWY-6387: UDP-N-acetylmuramoyl-pentapeptide biosynthesis I (meso-diaminopimelate containing)"	"Age"	"Age"	"Age"	-0.0531428097272197	0.115099219485005	0.0378855471348267	0.000550494112726563	0.0988424921040689	0.000550494112726563	0.0634112603190719	NA	"abundance"	46	46
"PWY-7851: coenzyme A biosynthesis II (eukaryotic)"	"Age"	"Age"	"Age"	-0.0881507748213283	0.115099219485005	0.0491165211201703	0.000591693880862332	0.0988424921040689	0.000591693880862332	0.0634112603190719	NA	"abundance"	46	46
"PWY-7953: UDP-N-acetylmuramoyl-pentapeptide biosynthesis III (meso-diaminopimelate containing)"	"Age"	"Age"	"Age"	-0.0469936769009187	0.115099219485005	0.0368972161452952	0.000659386408836893	0.0988424921040689	0.000659386408836893	0.0634112603190719	NA	"abundance"	46	46
"PWY-841: superpathway of purine nucleotides de novo biosynthesis I"	"Age"	"Age"	"Age"	-0.0578269649923956	0.115099219485005	0.0411690094928516	0.000780442564764505	0.110279927629767	0.000780442564764505	0.0707488151101736	NA	"abundance"	46	46
"PEPTIDOGLYCANSYN-PWY: peptidoglycan biosynthesis I (meso-diaminopimelate containing)"	"Age"	"Age"	"Age"	-0.0506596321835015	0.115099219485005	0.0392250042845363	0.000818218128842529	0.110800371614093	0.000818218128842529	0.0710826999431947	NA	"abundance"	46	46
"PWY-7229: superpathway of adenosine nucleotides de novo biosynthesis I"	"Age"	"Age"	"Age"	-0.0599908834257342	0.115099219485005	0.0427818469190615	0.000905927430821185	0.117770566006754	0.000905927430821185	0.0755543477304868	NA	"abundance"	46	46
"PANTOSYN-PWY: superpathway of coenzyme A biosynthesis I (bacteria)"	"Age"	"Age"	"Age"	-0.0609623271816821	0.115099219485005	0.0434110706679148	0.000973876981622768	0.121734622702846	0.000973876981622768	0.0780974425647489	NA	"abundance"	46	46
"ARO-PWY: chorismate biosynthesis I"	"Age"	"Age"	"Age"	-0.0238132969315725	0.115099219485005	0.0320756796873135	0.0012584354558407	0.124151448601477	0.0012584354558407	0.0796479293335627	NA	"abundance"	46	46
"COMPLETE-ARO-PWY: superpathway of aromatic amino acid biosynthesis"	"Age"	"Age"	"Age"	-0.0224893036332806	0.115099219485005	0.0316273814012673	0.00124612353076992	0.124151448601477	0.00124612353076992	0.0796479293335627	NA	"abundance"	46	46
"PWY-5973: cis-vaccenate biosynthesis"	"Age"	"Age"	"Age"	-0.113800097659156	0.115099219485005	0.060885760682035	0.0011335639629465	0.124151448601477	0.0011335639629465	0.0796479293335627	NA	"abundance"	46	46
"PWY-6122: 5-aminoimidazole ribonucleotide biosynthesis II"	"Age"	"Age"	"Age"	-0.0435692526897176	0.115099219485005	0.0390921962418785	0.00126096549841281	0.124151448601477	0.00126096549841281	0.0796479293335627	NA	"abundance"	46	46
"PWY-6277: superpathway of 5-aminoimidazole ribonucleotide biosynthesis"	"Age"	"Age"	"Age"	-0.0435692526897176	0.115099219485005	0.0390921962418785	0.00127465414838701	0.124151448601477	0.00127465414838701	0.0796479293335627	NA	"abundance"	46	46
"PWY-6609: adenine and adenosine salvage III"	"Age"	"Age"	"Age"	-0.0441874943784712	0.115099219485005	0.0390660373072819	0.00126496899124673	0.124151448601477	0.00126496899124673	0.0796479293335627	NA	"abundance"	46	46
"PYRIDNUCSYN-PWY: NAD de novo biosynthesis I (from aspartate)"	"Age"	"Age"	"Age"	-0.040665918753839	0.115099219485005	0.0384269975611548	0.00129881515460006	0.124151448601477	0.00129881515460006	0.0796479293335627	NA	"abundance"	46	46
"TRNA-CHARGING-PWY: tRNA charging"	"Age"	"Age"	"Age"	-0.0490040479084399	0.115099219485005	0.0401897057586137	0.00112628126730951	0.124151448601477	0.00112628126730951	0.0796479293335627	NA	"abundance"	46	46
"PANTO-PWY: phosphopantothenate biosynthesis I"	"Age"	"Age"	"Age"	-0.0551239085014865	0.115099219485005	0.0433234360927226	0.0013479347626526	0.125165370817742	0.0013479347626526	0.080298399432305	NA	"abundance"	46	46
"1CMET2-PWY: folate transformations III (E. coli)"	"Age"	"Age"	"Age"	NA	0	NA	NA	NA	0.000647321223069763	0.0634112603190719	"All logistic values are the same"	"prevalence"	46	46
"ARO-PWY: chorismate biosynthesis I"	"Age"	"Age"	"Age"	NA	0	NA	NA	NA	0.0012584354558407	0.0796479293335627	"All logistic values are the same"	"prevalence"	46	46
"COA-PWY-1: superpathway of coenzyme A biosynthesis III (mammals)"	"Age"	"Age"	"Age"	NA	0	NA	NA	NA	0.000370720340691744	0.0634040794880519	"All logistic values are the same"	"prevalence"	46	46
"COA-PWY: coenzyme A biosynthesis I (prokaryotic)"	"Age"	"Age"	"Age"	NA	0	NA	NA	NA	0.000529923549908773	0.0634112603190719	"All logistic values are the same"	"prevalence"	46	46
"COMPLETE-ARO-PWY: superpathway of aromatic amino acid biosynthesis"	"Age"	"Age"	"Age"	NA	0	NA	NA	NA	0.00124612353076992	0.0796479293335627	"All logistic values are the same"	"prevalence"	46	46
"DTDPRHAMSYN-PWY: dTDP-&beta;-L-rhamnose biosynthesis"	"Age"	"Age"	"Age"	NA	0	NA	NA	NA	1.04484276590711e-05	0.00690743939883887	"All logistic values are the same"	"prevalence"	46	46
"HISTSYN-PWY: L-histidine biosynthesis"	"Age"	"Age"	"Age"	NA	0	NA	NA	NA	0.000125095887263171	0.0472548036539874	"All logistic values are the same"	"prevalence"	46	46
"NONMEVIPP-PWY: methylerythritol phosphate pathway I"	"Age"	"Age"	"Age"	NA	0	NA	NA	NA	0.000249305918558207	0.0472548036539874	"All logistic values are the same"	"prevalence"	46	46
"PANTO-PWY: phosphopantothenate biosynthesis I"	"Age"	"Age"	"Age"	NA	0	NA	NA	NA	0.0013479347626526	0.080298399432305	"All logistic values are the same"	"prevalence"	46	46
"PANTOSYN-PWY: superpathway of coenzyme A biosynthesis I (bacteria)"	"Age"	"Age"	"Age"	NA	0	NA	NA	NA	0.000973876981622768	0.0780974425647489	"All logistic values are the same"	"prevalence"	46	46
"PEPTIDOGLYCANSYN-PWY: peptidoglycan biosynthesis I (meso-diaminopimelate containing)"	"Age"	"Age"	"Age"	NA	0	NA	NA	NA	0.000818218128842529	0.0710826999431947	"All logistic values are the same"	"prevalence"	46	46
"PWY-3841: folate transformations II (plants)"	"Age"	"Age"	"Age"	NA	0	NA	NA	NA	0.000159123384025017	0.0472548036539874	"All logistic values are the same"	"prevalence"	46	46
"PWY-5686: UMP biosynthesis I"	"Age"	"Age"	"Age"	NA	0	NA	NA	NA	0.000227678432850542	0.0472548036539874	"All logistic values are the same"	"prevalence"	46	46
"PWY-5695: inosine 5'-phosphate degradation"	"Age"	"Age"	"Age"	NA	0	NA	NA	NA	0.000486911298869686	0.0634112603190719	"All logistic values are the same"	"prevalence"	46	46
"PWY-5973: cis-vaccenate biosynthesis"	"Age"	"Age"	"Age"	NA	0	NA	NA	NA	0.0011335639629465	0.0796479293335627	"All logistic values are the same"	"prevalence"	46	46
"PWY-6121: 5-aminoimidazole ribonucleotide biosynthesis I"	"Age"	"Age"	"Age"	NA	0	NA	NA	NA	0.000420860521638033	0.0634040794880519	"All logistic values are the same"	"prevalence"	46	46
"PWY-6122: 5-aminoimidazole ribonucleotide biosynthesis II"	"Age"	"Age"	"Age"	NA	0	NA	NA	NA	0.00126096549841281	0.0796479293335627	"All logistic values are the same"	"prevalence"	46	46
"PWY-6123: inosine-5'-phosphate biosynthesis I"	"Age"	"Age"	"Age"	NA	0	NA	NA	NA	1.32516822999307e-05	0.00690743939883887	"All logistic values are the same"	"prevalence"	46	46
"PWY-6124: inosine-5'-phosphate biosynthesis II"	"Age"	"Age"	"Age"	NA	0	NA	NA	NA	1.11750224368601e-05	0.00690743939883887	"All logistic values are the same"	"prevalence"	46	46
"PWY-6163: chorismate biosynthesis from 3-dehydroquinate"	"Age"	"Age"	"Age"	NA	0	NA	NA	NA	0.000448191270975062	0.0634040794880519	"All logistic values are the same"	"prevalence"	46	46
"PWY-6277: superpathway of 5-aminoimidazole ribonucleotide biosynthesis"	"Age"	"Age"	"Age"	NA	0	NA	NA	NA	0.00127465414838701	0.0796479293335627	"All logistic values are the same"	"prevalence"	46	46
"PWY-6385: peptidoglycan biosynthesis III (mycobacteria)"	"Age"	"Age"	"Age"	NA	0	NA	NA	NA	0.000669087638858312	0.0634112603190719	"All logistic values are the same"	"prevalence"	46	46
"PWY-6386: UDP-N-acetylmuramoyl-pentapeptide biosynthesis II (lysine-containing)"	"Age"	"Age"	"Age"	NA	0	NA	NA	NA	0.000456144456748575	0.0634040794880519	"All logistic values are the same"	"prevalence"	46	46
"PWY-6387: UDP-N-acetylmuramoyl-pentapeptide biosynthesis I (meso-diaminopimelate containing)"	"Age"	"Age"	"Age"	NA	0	NA	NA	NA	0.000550494112726563	0.0634112603190719	"All logistic values are the same"	"prevalence"	46	46
"PWY-6609: adenine and adenosine salvage III"	"Age"	"Age"	"Age"	NA	0	NA	NA	NA	0.00126496899124673	0.0796479293335627	"All logistic values are the same"	"prevalence"	46	46
"PWY-7221: guanosine ribonucleotides de novo biosynthesis"	"Age"	"Age"	"Age"	NA	0	NA	NA	NA	0.000238233122677789	0.0472548036539874	"All logistic values are the same"	"prevalence"	46	46
"PWY-7229: superpathway of adenosine nucleotides de novo biosynthesis I"	"Age"	"Age"	"Age"	NA	0	NA	NA	NA	0.000905927430821185	0.0755543477304868	"All logistic values are the same"	"prevalence"	46	46
"PWY-7790: UMP biosynthesis II"	"Age"	"Age"	"Age"	NA	0	NA	NA	NA	0.000212018208282094	0.0472548036539874	"All logistic values are the same"	"prevalence"	46	46
"PWY-7791: UMP biosynthesis III"	"Age"	"Age"	"Age"	NA	0	NA	NA	NA	0.000201022482906321	0.0472548036539874	"All logistic values are the same"	"prevalence"	46	46
"PWY-7851: coenzyme A biosynthesis II (eukaryotic)"	"Age"	"Age"	"Age"	NA	0	NA	NA	NA	0.000591693880862332	0.0634112603190719	"All logistic values are the same"	"prevalence"	46	46
"PWY-7953: UDP-N-acetylmuramoyl-pentapeptide biosynthesis III (meso-diaminopimelate containing)"	"Age"	"Age"	"Age"	NA	0	NA	NA	NA	0.000659386408836893	0.0634112603190719	"All logistic values are the same"	"prevalence"	46	46
"PWY-841: superpathway of purine nucleotides de novo biosynthesis I"	"Age"	"Age"	"Age"	NA	0	NA	NA	NA	0.000780442564764505	0.0707488151101736	"All logistic values are the same"	"prevalence"	46	46
"PYRIDNUCSYN-PWY: NAD de novo biosynthesis I (from aspartate)"	"Age"	"Age"	"Age"	NA	0	NA	NA	NA	0.00129881515460006	0.0796479293335627	"All logistic values are the same"	"prevalence"	46	46
"TRNA-CHARGING-PWY: tRNA charging"	"Age"	"Age"	"Age"	NA	0	NA	NA	NA	0.00112628126730951	0.0796479293335627	"All logistic values are the same"	"prevalence"	46	46
"UNINTEGRATED"	"Age"	"Age"	"Age"	NA	0	NA	NA	NA	1.26404230282873e-05	0.00690743939883887	"All logistic values are the same"	"prevalence"	46	46
